date,Indonesia,Malaysia,Philippines,Singapore,Thailand,Vietnam
2010-01-15,0.21815200958173236,-0.8389340812886389,0.28735076872602494,-0.7095962815198819,0.01770361798229911,1.1055180521349408
2010-01-22,0.33507426029353354,-1.938640113447386,1.1293780941278857,1.1306251230207227,1.4906422189716833,1.7330109620188794
2010-01-29,-4.04783036046066,1.1714122725206422,0.8552339979612453,0.9830301568855456,0.9116163776524111,-0.08658760437125256
2010-02-05,1.275435917312392,-0.10728446250986141,1.2116425307612648,0.8226090404781019,-0.30021241318774367,0.8138176033476138
2010-02-12,-0.5107203934874459,-0.8233164215331183,1.17528124217306,1.0184039434508376,-0.0482272727718997,1.029684759635334
2010-03-05,0.14835540438802183,0.8137765522707456,-2.3749058959537623,0.3529021006685805,-1.0261062505663807,1.1837640744014566
2010-03-12,1.2076928339847728,-0.13379778339176426,0.04544088102563295,1.1667971291000316,0.2525707468770838,1.2426528745782552
2010-03-19,1.0392835084808723,0.11308547526531341,-0.23785236380711658,0.16952919556703858,1.6997248370103206,1.0850687340598384
2010-03-26,0.9257622661620016,0.35049489723015703,0.977830950314219,-1.1282506205847573,-0.5983095402903851,0.7397660980259271
2010-04-16,0.16226891740141847,-2.3997101601070336,-1.2417393560707064,0.16390685812065892,1.9481218334587869,-0.1220186924439384
2010-05-07,2.095178737033568,0.0069741174843659885,1.5268449581544938,1.6673767958769488,-0.418645800928766,-2.606755302046236
2010-05-14,1.4479142657791004,-0.7344697550366731,1.7616394549123107,0.18356406671315031,-3.4666482586005425,1.388590257800768
2010-06-04,1.373559231381399,0.6772343339390394,1.1505328797152379,0.8793493064581039,1.5116694895699283,-0.6770547136421212
2010-06-11,-0.2755329031360087,-3.8335933939445725,1.0176960600504883,-1.0083595392770046,-1.3843721451250424,0.184269911509325
2010-06-18,1.4943592876319758,0.5666929046064576,0.752457666440041,0.2764050022797592,1.0496333891821568,0.3067177940336795
2010-06-25,-0.5220023534936751,-0.41158304898162495,-0.677706609128048,-0.4436561434314625,-1.4715093073368355,0.18269429476170435
2010-07-02,0.9532843567808098,0.3670833289469695,0.615672349188611,-1.340964124700699,0.10897562152153095,-1.2817265034676508
2010-07-09,0.9115009561831887,0.2484706115039487,1.131040135935834,0.9296272099173357,0.7982574826477704,-0.17754242350626845
2010-07-16,0.49216626528548785,-0.07527447554804258,0.34188971858494455,0.3224276421009107,-0.17177721509482513,0.28700059948297413
2010-07-23,0.4964837531877125,-0.39556435692289826,-0.25480967376183017,-0.6328200353826299,0.42069099654790815,0.15904693502806155
2010-07-30,-0.11415000886801974,0.11880230349268192,-1.1485190097153797,-0.7393517099189999,0.6089078486817541,0.2526907843688533
2010-08-06,-1.2607822430277937,-3.365398254683687,0.9451884424989061,-1.4022448408932877,0.79895269889492,0.8211259921138313
2010-08-20,0.7406967535582905,0.9287630464104816,1.2567052260741787,-2.130491602416362,1.2857950537709002,-0.7704370483085272
2010-08-27,-0.8736471000583647,0.13325181647894369,-0.023508652024887357,-2.564812099932088,-0.3299609560094408,1.760746327919091
2010-09-17,1.5367469828125704,0.6980726045258034,0.6670983851293326,0.5731718064898166,-2.223617458288086,0.31053707929939656
2010-09-24,-0.9608872593235752,0.07836376549582054,0.9042790469572631,-0.6372133864467234,1.1057007631525095,0.5547322479229597
2010-10-01,1.4599547952140466,0.03652043819106587,-0.2123105235410147,0.20558756225127078,1.0167710125762215,-0.8124828996287968
2010-10-08,-5.3957374356047,0.02357355411575542,1.0967303042241188,-0.33662520919134165,0.46070199505492615,0.5119459222685716
2010-10-15,0.3378676242687684,-0.5642640134892493,-0.7172557158795869,0.4713817469144916,1.2427282056086513,-1.6289133173521508
2010-10-22,-3.919509036671918,-2.949952570138248,0.506036714657963,-0.037998610319544754,-0.7059830250710145,1.07221855504541
2010-10-29,0.03834924428186383,0.00257621010711211,-0.8584620802389812,-0.02017468465735661,-0.23930927116230077,0.4998726926988192
2010-11-12,-1.2449308286255474,-0.2328370754456353,1.8669949518772224,-1.0213264494054672,0.7404564496973576,1.2509079862541073
2010-11-19,0.4712926065468111,-0.8790215869226653,1.1203219016642123,0.5271845786045763,-0.00475582684306977,1.2468060650707748
2010-11-26,0.8069000776219695,-0.06835209084736493,1.290357739265784,0.2122331198529645,0.5339355626256213,1.1293051247679304
2010-12-03,0.38193996791751106,-0.5163124505856889,1.0942133398861988,-0.7903815168400217,1.4307271704521296,1.6900740729469654
2010-12-17,1.511742269512122,-0.7089486973285252,0.6493807273054478,0.022404024901499616,0.2631956407354094,0.934542112454857
2011-01-07,0.6754280123220031,1.2380626831197818,-3.416106365687543,0.7933445794878526,-1.0309931185694239,-0.5458451613545259
2011-01-14,0.5485264012128365,-1.912784987273033,0.5255039029643084,-0.748635364759233,-0.9036749764241303,0.40778110855615735
2011-01-21,1.6971798756370076,0.3653399282386915,1.499453300376429,0.646286736978426,0.9243408021010334,1.7933483201068188
2011-01-28,1.1466477161426896,0.5093764934589194,-0.7188937363805408,0.340707273955156,0.9117043622079785,0.5469823688304878
2011-02-11,1.0248206238628965,0.5959694888267881,1.7461104616469698,1.5757423956150596,1.2062383318116092,0.6011583566863266
2011-02-25,0.5124340283545715,0.6322149736788172,1.1019835083216398,0.7035850784268075,-0.02527682358664127,2.028787228858694
2011-03-04,1.045540313063175,0.7947953207727085,1.3412836270471011,0.1721865857187749,0.00914009016179451,0.5213745534552404
2011-03-11,-3.9604060147336524,0.5813842539583997,0.06460764673786297,-0.5381851519097999,0.10738304933353528,2.0185486001613513
2011-03-25,1.1581531664810998,-0.2583372211333723,-0.07110909008038035,1.503587998941049,1.2438201826655473,-0.3009710945913252
2011-04-01,1.0096559435239214,0.9532569981832401,1.8470576459312444,0.47202993638633095,0.9293508709247189,-1.1172150177275464
2011-04-08,-0.08170655901593551,-1.9983018091020845,0.9796546825905147,0.7511187442472723,0.5355789084279178,0.09939728171468329
2011-04-29,-0.7205425494354321,-0.22566362736637474,0.04033657078528946,-0.36959210523814434,0.0647850397941414,1.6175194804524777
2011-05-06,-0.5924080223276579,0.24313110206990737,0.8555734992091841,0.8478038548561704,1.3822648971237463,0.44041246228265946
2011-05-13,-0.13103358112626148,0.5018290803298217,0.5402138569044842,0.7172844384221182,1.1613913500875637,0.3852604149946261
2011-05-20,0.06061476387465721,-3.972681158595584,-1.8198538103080988,-1.8740279909373274,0.10801051190197089,2.3287805188199266
2011-05-27,0.05180984777179463,-0.7015157962351007,-1.390902415189246,0.046491392827928565,-0.5885138209653361,1.6563267749131454
2011-06-03,-1.1929605668435668,-0.33124771839988615,-0.6176710638385803,-1.1295323706019436,-0.15047565604275143,2.03295011076245
2011-06-10,0.390247682612432,-1.448527862162622,0.60572442373572,0.7716398452180393,1.283227988529082,-1.0210999872735245
2011-06-17,0.5540388768352217,-0.7675105754586481,0.4623618417849407,0.8764274254043896,-1.9784883539171323,0.32227808690612364
2011-06-24,1.2046526694699127,-2.542862066288806,1.1867730065374356,0.7070627444139167,-0.9420404673459783,0.2319453172294013
2011-07-08,0.6583465991368068,-0.2974809822881729,-0.09307228111699244,-0.9412849487594874,1.484352074418332,0.15596369403469987
2011-07-22,0.7213147279134787,-0.25377996331751296,-0.8231169060024205,1.1475025737409865,1.318527296341562,0.28903115764180537
2011-07-29,-0.5410088466494628,0.04279772068574129,-0.5750379949841388,-1.6192389147730608,0.10254057125472564,-0.15197891056811388
2011-08-05,1.6478954509043693,0.46161398003569254,0.39078007633338974,1.839249347667847,1.282678518393213,0.6939769103622639
2011-08-19,0.2116042782426314,-3.868595597672031,-0.8685717520598677,1.4325973372452505,-0.401840245651867,1.4569519415014656
2011-08-26,-3.6316946545213753,0.9839414894590689,-0.23016065863632576,-0.6332765003078428,1.1107592408143128,-0.10073314344948171
2011-09-09,1.3862129643212169,0.5119677675085144,-0.06563525098547195,1.019118789600282,0.8737267191850087,2.5544954768592905
2011-09-23,2.422341601566876,1.5364763206238798,2.2920931808208036,1.1905901601508624,2.022034462047297,1.320895456296136
2011-09-30,1.2579072446315707,0.4313975766477613,1.0590667529493702,-0.12805053433143873,1.498933761791591,1.0739142445159346
2011-10-07,1.263383559676343,-0.0756811904548254,-1.4271766507148032,0.27129300207010904,-0.2596074096655139,0.8242826777857968
2011-10-14,1.9086505043260245,1.0926359173784146,1.2618802634422117,1.3503061693239793,1.6099791555066254,-0.18189539554123904
2011-10-21,0.1892598365556197,-1.386704082042975,-1.1478676708076698,0.15195914346175532,1.4391629098384537,-0.17642166755725394
2011-10-28,1.7262764574156961,1.079795459773514,1.3692999279742144,1.9292535079331972,1.79478070670538,0.974747268587417
2011-11-04,0.19647345044065367,-1.233476871325775,0.3653191713707788,0.692143773090584,0.49724099620710965,1.0161266206725024
2011-11-11,-2.0759882726372854,-0.5197745018164956,-0.04000694701916227,0.7091593328660647,0.34842031351297315,1.2634185106029798
2011-11-18,-0.4348102920595885,-0.018343438573412335,-1.408779605374602,0.7862850025348521,0.2995797595371421,1.4586324157934045
2011-11-25,1.155093256045404,0.45967887922998374,-0.04732990635263364,1.1681307365833797,0.5541060661023763,-0.022485134762674202
2011-12-02,1.3472593012681329,1.3701749184330914,-0.37704521061861584,1.564298268410289,1.829659209202361,-1.979347300478361
2011-12-09,-0.622563187030291,0.6725731015196663,-3.3017957638819553,1.058130991513546,-0.8012188551800716,0.5687455984886757
2011-12-16,-1.4595663834184258,-0.8765498798238452,-1.2399892805239427,0.2789165917647218,-5.148481819337493,1.0970845703713528
2011-12-23,-0.27276527986702953,0.7034696147732109,0.4390501248964811,-0.43604046948646763,-1.1407472340077989,1.0004426263047794
2012-01-06,0.20958039970433393,0.08651831060079489,0.9227229096306518,0.948870384095119,0.05953042534580323,1.4602538293132346
2012-01-13,0.5241581595679115,-0.529841994636186,1.0538100534957562,1.01465644228303,-0.196377497212555,1.6282058890739142
2012-01-20,0.2564763864252799,-3.61499064781889,1.052361101425643,0.7182278571106318,0.2752716104128741,1.6360747304550867
2012-02-03,-0.3070296112408477,0.051128470877038305,-1.49398129527714,0.8662561257911426,1.3177784579010297,2.00453874534879
2012-02-10,0.9602866662718625,0.3897402086399832,-0.6482664866659968,0.3582316484368334,0.23294363346527874,-0.20685991516339816
2012-02-17,0.4863303281263594,-1.240589399577443,0.6988315902775873,0.3089319647169282,0.41722860180433297,-0.8543148295709708
2012-02-24,0.7338749978223514,-2.2635390588451236,-1.3803443674899707,-0.28367124813112204,0.35375462657763873,1.5832481222261217
2012-03-02,1.0270939857227548,0.4648247546103392,0.9117588388235459,-0.6614346133295864,0.4977444867697057,1.3211426241460498
2012-03-09,-1.0988648664904335,-1.1964418393782719,-0.3396593893226174,0.018534070450981852,-0.5901265276193461,0.5414539801420981
2012-03-16,-0.08064619749249193,-0.7288203535786067,1.1825220070696167,0.46455666778869387,0.9660806465696985,0.3869776259044872
2012-03-30,0.6728917643662156,-0.4156191947526585,0.2519249246173419,-0.3867352466809048,-1.635335245199728,1.07173901036758
2012-04-20,-0.6353918541122645,-0.34886537852355837,0.14317702676260188,-1.5021362842872408,0.755082468600493,-0.3718181676753157
2012-04-27,-0.8754061259776149,0.42025208810235026,-1.4111644481320909,-0.8399780927466449,0.35620458249614023,0.5386767626971027
2012-05-04,0.22926751630935205,0.38624974958286645,0.8983520445711194,-1.1982113383611748,0.24810219636202263,-0.62214357138734
2012-05-11,0.9009134212869816,-0.8597554429817159,0.9808918833829715,1.256613498344798,1.1020926035709928,-0.23515055152229547
2012-05-25,0.6824410950136511,0.19086708430051377,-0.051829340253210225,-1.4750984640562672,0.6363884193529327,-0.5849565642247216
2012-06-01,0.981326215216322,0.3634176480039978,1.0053016904886396,-0.020210032045594725,0.4507027169747537,0.6836912540498348
2012-06-08,-0.39978101980660175,-1.6664481273952076,0.30729318544152157,-1.2545056962076127,0.06045512641320443,-0.04959528510134598
2012-06-15,-1.6665692753763401,-0.6038676113305583,0.2456427992120161,0.9689886986619742,1.2148991823297528,-3.1262869574873164
2012-06-22,0.6168745279344731,0.4043400275533164,1.3271103173209333,-0.5006589149539037,0.10059373563615445,0.3194349395540683
2012-06-29,0.5211685199195759,-1.407209958459849,0.8910133971825114,0.5681696559140351,0.5017639120073839,0.12224890820572448
2012-07-06,0.9111903921029524,0.28468067369626454,0.7848061594424779,1.2291926013685408,0.8579263407989104,0.503408648269444
2012-07-13,-0.12798179896317233,-1.024137298468888,1.0302205659849446,-0.5630683627258732,-0.1658364181079971,-0.9942361702717127
2012-07-20,0.41809898950611596,0.016576841250845496,-2.664483474158172,-0.40881064912311915,-1.9388462923984906,0.5767859874970359
2012-07-27,-2.607077310188446,0.10011527057466177,-1.795489689907871,-0.567962818336342,0.9398022360606096,0.9934889610840785
2012-08-03,-0.9642809742892297,-0.4786106583136567,0.23378004097328875,0.5578291347941359,0.49680038620338113,0.19464297489495774
2012-08-10,0.01312605820127816,-0.4633214156749233,-0.8493110800770888,-2.3643648608387213,0.5918451611389554,0.5551630340212643
2012-08-24,-1.0111206037426488,-2.351637831679486,0.2039818038649976,-0.9670510757226445,0.0762155658049099,2.092014018595535
2012-09-07,0.7089997564622781,0.2764215719015554,-2.3159212464597396,-0.7856033047985945,0.4091505160547188,-0.9793966580648279
2012-09-14,0.9925159281978647,0.1188928573575575,0.8340005294716913,0.6580197507844843,0.8673343379556827,-1.074273391179243
2012-09-21,-1.233857679808148,0.1643197672728363,-0.5568823621628062,-1.3702573986815918,-0.23387975300797945,-0.15837079954407432
2012-09-28,-0.8633175789095561,-0.2293961512303132,0.01584838368061511,-0.5397909983585215,-0.03104683251609647,-0.30308653307919914
2012-10-05,0.12861837688709174,0.35757196554656345,0.5528661266771727,0.4325348782691584,-0.03832194178240573,0.12197332097378231
2012-10-12,-6.325855126784721,-0.8803052434710652,0.2603479563724668,0.7656833635665716,0.09700442147289924,0.11518563887312774
2012-10-19,-0.7772965209414553,-0.24513113484016125,0.14823302906796337,-1.4463007288352188,-0.19370415085214726,0.36403772620686
2012-11-09,-2.110998492198868,-0.09112636548979565,-0.20704101266624925,0.030557087639302198,0.19416255443115268,1.1004751910318922
2012-11-23,-2.8660970132092234,-0.08072910615785939,0.7213834004471912,0.3859349151800997,-2.0991181273823636,0.041586553784753205
2012-12-07,-1.0725802543621856,-0.8441740271942125,0.9893020140377342,0.18496883859985389,-0.19770689251797136,0.4513107474411244
2012-12-14,-0.8670777006898407,0.7384019102315823,0.41506613961548955,0.6700375637879472,0.5588925889875945,0.7736125908316915
2012-12-21,0.31515468793736007,-0.8794719575963474,0.7062734871454716,-1.871984343099703,0.08560032496886917,0.14708811700753077
2012-12-28,0.439474145090706,0.2971776726007383,-1.6467961109153488,-0.11799082101700624,0.2938967506471566,1.4310673323955796
2013-01-04,0.7603859520607954,-0.40513834582102365,0.9910075948890961,0.040769485368901515,0.5659216199151396,1.0772726893371454
2013-01-11,0.8708849809056464,-0.5354002896303598,0.2895060196358372,-1.3066169671605357,-1.1232103494505041,2.109935611295956
2013-01-18,1.2916702893432703,-0.9869399397037334,0.3610656602209422,-1.8061258632287236,0.45265499664818365,0.6209917047988389
2013-01-25,-0.4677166132845358,0.8640601902711693,-0.7721410291891402,0.5837816205801187,0.6220409147613147,1.1056218759661105
2013-02-08,-1.5384205759810894,-1.4667519104260254,0.7850048904398439,-0.4537778969978467,-2.0546048243147306,0.7752064615107499
2013-02-22,1.2520153009415322,-2.244445998394081,1.1459907452010598,-0.6093135442321358,1.0368543583770482,1.2129600275547172
2013-03-01,1.2215264962675956,-0.05924463945539705,-1.0714283654067398,-0.5652975494814511,-3.3691025333411257,-2.1794123650303403
2013-03-08,0.2611485697093549,0.0038304687599660424,1.044603920796801,-0.49304490577342425,0.5647062767441746,0.3113338533843616
2013-03-15,0.12952000513294798,0.47257950186812486,0.977127709495924,-2.245773842235837,0.6791629418607615,0.8071987620255888
2013-03-22,0.7009080529099165,-3.0771676312106595,0.7242514879702434,-0.1746176230421863,2.0475421112553613,0.5760697676597514
2013-04-05,-1.1960719740246255,0.012936607279512163,0.5726257420055202,-1.3790297686574846,1.5455277102321923,0.842826757183815
2013-04-12,-1.4875261784080878,-0.5389197858997794,0.8808096767265817,-1.774598194621914,0.9184434859224758,0.5111998392278196
2013-04-26,-0.9162810536072294,-1.2269290898791934,-0.022746390427450875,0.5010894820270451,0.8736345032161524,-1.2933768053124428
2013-05-03,0.06837721230681275,-0.03041332550438555,0.981062089483235,-0.46839996217429725,-1.379296550938554,-1.8725919083807243
2013-05-10,1.280424273211095,1.4990923043946092,-0.43126485725408115,0.7739787742894002,1.0004771878023253,0.8151180820221302
2013-05-17,-0.25435707646336236,-1.7046269926121937,-1.4248529048917957,-1.8297610912414426,-1.0871257522439688,-1.1773199498083438
2013-05-31,0.525613257258871,-1.5287128159428574,1.2402676726871456,0.8921016547898633,1.0523393148839304,1.2708799060529339
2013-06-07,1.4094443023990297,-1.0233226491896317,1.539925488573149,1.3609168758420205,1.091193197622997,0.604950152691908
2013-06-14,0.7760796416102009,-0.27767597365420993,1.9608874179919886,-0.3092559625913142,1.2294662825766496,1.295617458846404
2013-06-21,1.6661281622178055,-1.0204674175657267,-0.0332539374597584,0.16264450118680096,1.508738152793376,0.7041638217814595
2013-06-28,1.8726796648383095,0.002448512542530925,1.4991085927159122,-0.18827664682079734,1.2821482384752192,1.285033743076999
2013-07-05,1.52340692820605,-2.6361720920261273,-0.6106958245080303,-0.493592033096273,-0.3137807008282516,-0.06493467028061367
2013-07-12,-0.4213605059407205,-0.2848478821749143,0.1203039078172294,0.7280390204191347,-0.15634804268147465,0.5310095648901768
2013-07-19,0.6685997169176235,-0.3933675495197211,-0.3431909955229272,-0.3466457641882281,0.6505346940978742,0.6721630564053385
2013-07-26,0.3342649619006241,-0.6023548839146593,0.7565363318604854,-0.34489740252292583,-1.0590295290867107,0.6783460592858276
2013-08-02,-0.9438743163353558,0.3352596350011608,1.2397233596292343,-0.5877081669956037,1.3480219983396977,-1.9126728143297753
2013-08-16,0.4487818892947671,-1.1365005585561245,-2.099542660813795,0.5622566975197685,0.5490780900833153,0.9630719653895317
2013-08-23,2.212047576842086,1.342492184152829,1.7494326280998171,1.2406834771836348,2.045910884187746,1.4392077151629163
2013-08-30,-0.504190993259407,-0.9740785636270034,0.3409778619418205,0.6722391777526506,1.203064626569656,1.0795486332206088
2013-09-06,1.0883367514420796,-1.5185121533544101,0.5121912427724997,-0.4481969287013734,1.1599311718718421,0.43098107268878755
2013-09-13,1.9714179694720868,0.9895510446013326,0.9632765900492394,0.8470981602836484,1.555533911476468,-0.281198612796368
2013-09-20,1.5369695317462104,0.5522367078858103,1.5344526477705889,1.305125949283264,1.780966869774346,-1.8233019011674036
2013-09-27,1.2684587252543178,0.3610980161901438,-0.36057841364622994,-0.16443682636364823,1.5625887765274227,0.6703004998307934
2013-10-04,-0.24842394329343764,-3.7933806961305394,-1.7891302588543383,0.8204763428257189,-0.3297477833580303,0.7944654483313962
2013-10-11,1.0754133211474406,-0.6617353413976114,0.4332296622964074,0.2760253450141102,0.7340974080881391,-0.5128710249533173
2013-10-18,-0.5309042016771182,-0.2587257515936264,0.5890990208153983,-0.8819910331718821,0.6049404707139907,0.23577588094443372
2013-10-25,-0.28628831662743,-0.005859886665562557,0.034130800702255736,-0.9525908120152624,0.7081715623602047,-4.136744681741867
2013-11-08,-0.009356056770498186,-1.1144651448947598,1.2692482420519162,-0.28639202789825724,0.5289900990031041,-1.1798500425958878
2013-11-15,1.1652011405433804,-0.20709033103435423,-1.978656531757847,-0.2834816409382793,0.10101214732020611,-0.6050837991166547
2013-11-22,-0.9058587677528195,-1.3491531532195586,1.4371609743749543,-0.11458696163035398,1.4888729198607722,-0.1577725523578262
2013-11-29,0.3612248400479101,0.009046559832740133,0.7016324449748449,-2.2050036034211384,-0.12390719583326132,-0.8619613227566683
2013-12-06,0.5840258624730026,-0.24597476155972978,1.1545031829490304,0.6815871536810063,-0.3571300760063049,-0.7770268812153106
2013-12-13,-1.947635653909634,-0.31363259596029014,1.4367932684671743,0.4435524320005941,0.4138208033264002,-0.2243001041336148
2013-12-20,-0.7027433448656937,-2.0703661056124867,0.1588813650780728,-0.07909051048195323,-2.132977513419968,-1.1436580098044045
2013-12-27,-0.8808451512945034,0.21928713500689928,-0.0692832661564302,0.571340491270714,1.2037513275796794,-0.9472936139294965
2014-01-03,0.053560420398448313,0.35371365148398,-0.018556971702687927,-0.5406442888850339,1.7705502407323137,-1.5819279543784588
2014-01-10,-2.760743934043864,-0.8117066474256452,0.5777073505424251,-0.9283559806128466,0.9108136582096747,0.9744628571192433
2014-01-24,-0.5663490034815377,-0.5490367264693261,1.2111050732205122,0.8297607717429306,0.3871644876568329,1.1012995338097824
2014-02-07,0.07544659016032466,-1.3765619081488873,-0.6958376675769881,-0.7631387706133137,0.5469223806148708,0.20059439673839777
2014-02-21,1.1044679402633635,-0.47321408381429186,1.1426316902504643,0.6904655000551412,-0.5350955890321305,-1.2421345359033582
2014-02-28,-0.5801558821850884,-1.315330073350339,0.6053752281501977,-1.0515380007998076,0.473994931040063,1.011699301516287
2014-03-07,0.3446158835351886,-1.6852797157581785,-0.12694976012829715,-0.20364704843959364,0.7974625541083129,0.1433720164431473
2014-03-14,1.3940449061020057,0.4003262028411177,0.34178315242739443,0.7002452060864366,0.2263619289524906,1.065928604987517
2014-03-21,1.3153058039261039,-0.16568592891237455,-0.2025649848242387,-4.533844920861478,-0.15683206742600544,-0.19726127585903788
2014-03-28,0.3630289222246202,0.4995596127981117,-1.1373613568954533,1.15167015226323,-0.4852819404360139,0.22111437799202985
2014-04-04,0.6222030391274918,-1.14819407918965,1.1379899561007643,0.239178280557031,0.5152898914272821,-1.5580010329601859
2014-04-11,-0.1564276358020352,-1.5465693672255878,-0.6096541462809747,-0.7932934326201099,-1.5849988039791614,0.23248807520004863
2014-04-25,-4.4166952202341205,-0.8064021327907381,-1.5681031666303666,-0.862027165980004,-2.6254091638242,0.8651939415242276
2014-05-09,0.19858273760779702,-2.068744254345636,0.42840174590097974,-4.34906441480762,1.1481224648175643,1.8478171103249323
2014-05-16,0.9886877260704957,-0.12059668106009462,-0.8381948002876564,-1.1359231849761586,0.6954677816237608,0.8837704722085991
2014-05-23,0.15678615385053668,-0.2842795502201201,-2.368490816563428,-0.7511572497620767,-0.50918896592516,0.806936475305085
2014-05-30,0.47272241508407553,-1.5036947156415434,0.8888792311329222,-0.6116513463408274,0.29511195141510427,1.3140687028197415
2014-06-06,-0.1275770641765801,-0.5590942300379448,0.5392388553289247,-2.2204755419697095,1.079568062469081,-0.631786904057436
2014-06-13,-1.5457293129764005,-0.28645587122574456,-1.1097096305124354,-1.6740902884297273,-1.9858309499254614,1.0022576520088227
2014-06-20,0.47978641781798553,-0.7395112737192139,-0.2244969173332454,0.050300907182510984,-0.26000344006967974,0.8811447713071695
2014-06-27,-2.937937629890656,-1.369110270938983,0.4937337667594788,-0.9802947627399595,0.07804278054110664,1.1525598216447854
2014-07-04,0.219011482220529,-1.5541315481442985,0.5541713190340671,-3.305598395539276,-0.1681429671573693,0.5893790831121384
2014-07-18,0.07273685422339198,-0.6123916666642214,-0.35915713715669134,-0.6757688397651885,0.009332612061434003,0.8278623349107086
2014-07-25,-3.348578907175998,-1.4565140114807549,-0.6331738407129093,0.17418532489849278,-0.3878346848980724,-0.4329162853209425
2014-08-08,-0.36962738192648215,0.7011624182549718,-2.0116363784119424,0.6130741373218488,0.42950586194619905,-0.13056572117945606
2014-08-15,0.6239391100009263,0.277338411805737,0.6128610473244146,-0.24358143237006358,0.5398562285446068,-1.6258318270421288
2014-08-22,-0.03550589686007488,-1.028157214097316,0.5664158893812551,-1.1295479029776692,-0.4050095244635777,0.9545028248148099
2014-08-29,0.1826342694785071,-1.3426009883535877,0.1476118719345055,-3.040654658112628,-1.2077985272226948,0.9660250261794473
2014-09-05,0.4411015964094176,-2.0726654322496842,1.089200190793463,-0.8231290552808264,0.36638525523818016,-1.1594713252299718
2014-09-12,0.351497116692282,-0.37325689126751205,-0.15890847596693958,-2.1693766174156277,-1.6766293569287498,-0.03290002022641828
2014-09-26,0.6067012224754434,-0.7189478965259203,-1.0292100251116687,-0.9435188935743317,-0.04332504559675709,0.31060539383113106
2014-10-03,1.2905996765416459,-4.052310847496093,-1.6259996779080177,0.17459513511418873,0.6339108255972078,0.07708310777763638
2014-10-10,-1.2921325320790473,0.5597999722925733,0.1003606622871866,-0.09773606487724976,0.11740548196857535,0.0038488358624452065
2014-10-17,0.2782414624863148,0.1342510860292842,0.8400975941530713,0.5634541729866667,0.44365939630312173,1.685378345006066
2014-10-24,-0.13520620170487754,0.5270247480463754,0.35238479537618167,0.5398648727102067,-0.31474108797114286,0.057157379641346005
2014-10-31,-1.1260656910088747,0.6808542020273668,0.4490819778501127,0.46473028461736315,1.0413476825812262,0.44789136925263523
2014-11-07,0.7065220648613321,0.520551046792664,-1.9745931959733916,-0.9940279498651351,-1.0046700791461691,-1.234997198097784
2014-11-14,0.21247092614744645,-0.559067331980913,-1.8255701375673357,-0.11990734851488596,-1.845909602668327,-0.9922120278621104
2014-11-21,0.20804564232006226,-1.3576948819123797,-0.20830652183877632,-0.11623235122294749,-1.5585027293531097,0.730033844188625
2014-11-28,-0.30442166145005034,-0.4339677889348012,-1.3870349142036396,-1.8661292502334919,-0.07560973520185868,1.3126391718899826
2014-12-12,-0.6298670749817995,-0.06107937090828166,-2.431992007808439,-4.850866961711371,1.6718539011547675,1.4781795686589443
2014-12-19,-1.1813016823301845,-0.014294989315645469,0.3177082387570534,0.3006838470555774,-3.228635507155727,1.745450079846558
2015-01-09,-0.694851461342881,0.15414661958495823,0.8556776135646844,-0.04246762486722291,0.7408896987677751,1.4637523653097422
2015-01-23,1.209597946638015,1.2107970106817756,-0.2588238678852017,1.1946370686337429,1.643586686809731,0.26877477504033526
2015-01-30,-0.431134032199974,0.19682462055000277,0.6153610673841376,-0.5161312209999552,0.07172823228344626,0.08562475841879609
2015-02-06,-0.0009000406731620629,0.45084554971436275,-0.7003105456912275,0.16321423552534267,0.7065879022913417,-1.0866848017332995
2015-02-13,-0.5265013476107829,-0.7543639678390052,-0.5377352632471465,-1.8977126015712997,-1.966402068826238,0.8143795253203622
2015-02-27,0.3411983269870309,0.11215099729484028,-0.5921205199745964,-0.3796046683645961,0.5896820212054391,-0.10143326855853188
2015-03-06,0.16241708833686858,-0.2414042183360082,0.5171995195187226,-0.8449164215182011,0.17108114106996822,-1.4440066783060976
2015-03-13,0.479024675109589,0.34002494044567927,-0.41404000431026594,0.47915994288673797,0.5421756392427914,0.2880612246395056
2015-03-20,-1.1860508865278594,0.2001922332675131,-2.1792275693977503,0.3827092093494316,-0.2814522128251032,0.6073418772409471
2015-03-27,-0.15945084896052356,-0.6209033700628599,-0.2755393922040109,0.09309716630349538,0.8315269606664465,1.4501653880749275
2015-04-10,-0.44890885408735504,-0.630664874514379,0.5112362128882588,-0.6199697865697948,-0.26922627893841466,0.11487304166422885
2015-04-17,0.39232211600991157,-2.4769025971566947,0.8096064846236216,0.411719835392287,0.19994021374467869,0.9347514222369386
2015-04-24,-0.7859864591916969,-0.10343855714601591,-5.397417294312676,-1.0601767733964047,-0.3152694914884429,-0.7991734130097687
2015-05-08,0.6236350463726978,-0.5348045411381803,-0.469560217400522,0.01949883715032366,0.06647929258377677,0.3456089199720437
2015-05-15,-0.14806640795258547,-1.4441742579947487,0.4173578839465389,-1.137094185348372,-2.1968350725777475,1.1400010066959303
2015-05-22,0.5131747010412666,0.3052089727733658,-0.08897991463706525,-0.9840915774290496,-0.26296506675371006,1.489851985472719
2015-05-29,0.6290512961527251,0.8162646086929148,1.093694951739737,0.5291097790458011,0.6107567065492459,0.3135412569210134
2015-06-05,0.808741979534165,-2.076225188386257,-0.3400771546528915,0.5526431139101498,-0.28261848998363853,0.3941234198365618
2015-06-19,-0.008396258044825888,-0.31589095565711556,0.25489384775469115,0.4634601092652347,0.11165632488784007,-1.0862081424608097
2015-06-26,0.22438168866222855,-0.41784034371957424,-1.2934729741575721,-0.5070863238958164,0.5686027830752203,-0.6815955385843451
2015-07-03,0.1902067676605982,0.322163360606895,0.13511789693767945,-0.4228099339363135,0.6372416695213591,1.7562008535562672
2015-07-10,0.923242491527595,0.07863383624298913,0.6481756318210672,0.6408550729114422,-1.1540895554428399,0.5566536947534187
2015-07-24,-1.2999933327932895,-1.0603412911328254,-0.4568567401937941,-3.735537544713439,1.0391079207446032,-0.873477005324957
2015-07-31,0.11288261354156859,-1.9789396988322099,0.41770919208315416,1.5221201776543656,-1.9536338002622362,0.48797409659635416
2015-08-14,1.374587775980559,1.655478171605204,0.5074058000276387,0.9600447900560939,0.04515879844478904,0.9042040588818707
2015-08-28,0.9206256835617176,0.870826120571534,0.9188301966558754,-0.6762349275760604,-3.723102481479847,0.9498723444048378
2015-09-04,-0.36174591768116376,0.3872328129384443,-0.408399013607973,1.1525876809523605,-1.04547672808427,0.9137853742039364
2015-09-18,-0.7891291550123011,1.3923538442351011,1.1445345761519523,-1.2287213356980242,-0.4772588048921164,-2.447647778234409
2015-10-02,-3.244939761064965,-0.1622339348964494,-0.027992857999467997,0.33926440108354816,0.8058736538771569,0.09373001266131555
2015-10-09,2.160992486787063,1.5395383696906852,1.416397825036163,1.959280473367292,1.5504367181868968,1.421680506735251
2015-10-16,0.3926435220172266,-0.5098661753365119,0.15859414581826667,0.0631429831690906,-0.6965754995973135,-0.16638942005239085
2015-10-30,1.469625018346914,0.9852822600615567,0.3515414555449577,0.8378371564635518,0.41101695428088986,-0.07120578415753723
2015-11-06,0.903848763564417,0.17642448855553605,-1.4900620124694846,-0.9078184268339498,0.3331134613266709,-0.20062593423585473
2015-11-13,0.7292524394091795,0.471258975063944,1.1460281190221575,1.049747418251318,0.8302937480185518,-1.7250817463698878
2015-11-20,0.6725382295084947,-1.7177265743676093,-0.679826460517162,-1.324509914704873,-0.19869352146349364,0.11361995658525637
2015-11-27,-4.076394083230189,0.2133949866236755,-2.490936020412669,0.710675183462761,0.801058276089429,1.2916670734312428
2015-12-04,0.13902651398670562,-0.12932398212188712,-2.600666079903114,-0.3643515457845485,0.7849974393167239,0.666422508787283
2015-12-11,0.9486693703293163,0.5167528695440807,1.0070596385962824,0.4414125097712582,1.3932926275888586,0.36681664460340735
2015-12-18,0.5280381268784395,-1.4740902608446358,0.6636276307410499,-0.4457178284741097,-1.1654286537840084,-0.17492880671437477
2016-01-08,0.022153946661230575,0.7340896332630908,1.7174112982670215,1.5409380159852364,1.2421193606573795,1.2038195229132758
2016-01-15,-0.709312087814239,0.570228914642185,0.6594556193307638,1.4990714628369861,-2.00895561442321,1.1263274348757266
2016-01-22,0.4036490317684905,-1.5832516449697884,1.339092763575801,0.7232831048473924,0.5679540680009428,1.3624045026219247
2016-01-29,1.250724307037174,0.9504373582762126,2.00702229031253,0.6923737485214004,0.9420860948041219,1.4613358028100791
2016-02-05,1.3622338007708668,-1.1372452943752789,0.14179355223287074,-1.4931301655978495,-0.8981373398543278,-2.3887626100950548
2016-02-19,0.7586086322410336,-0.2952957398430544,-0.923106167417811,0.24294920908293768,0.056808708213236886,0.5242469444093333
2016-02-26,-0.28137156040596306,-0.377780119049762,-1.1837688394155348,-1.264722495135335,0.5412991815785855,0.7686983766859105
2016-03-04,0.8989409243438737,0.5488783257968234,0.6255924486702583,1.9231027375444525,0.9852526234338798,0.2799811514552605
2016-03-11,-0.2641842018814993,-1.4312522105752334,1.0479027302556125,-1.2471189177733257,0.0011116041777445595,-0.46627977842052193
2016-03-18,0.3941897384254859,0.14869504313879628,1.0610490886018542,0.9998593408435699,-0.2839685068203606,-1.3872308620453175
2016-04-01,-1.0997288139503207,-0.9263964809323131,0.45344204727889703,0.01994678428051002,-0.855748096369238,0.8816813534755482
2016-04-08,-2.6226092965433976,-0.7811798350950856,-3.5553575429099604,-1.0175449522637448,0.8081898888978467,0.9003217253669652
2016-04-22,0.6272385904047464,-0.5410511626023328,-0.10056962248245532,-0.5755767525111469,0.5966734313415463,0.7668818267295479
2016-04-29,0.44572978667495,0.9815724005476595,0.2877200990827101,1.2605329765497293,-0.8199866347320383,-0.010841087972151638
2016-05-13,0.23935896183267075,0.25273024542030154,1.8195569675477172,-1.8945419181185628,-1.2500362710796316,-0.3474868670296286
2016-05-27,0.7698131796822774,-0.6647754728428893,0.42629497863893134,0.3294218895662045,0.6502755344314523,0.09143818692197099
2016-06-03,-0.20987637348887503,-3.110080712498212,0.3177331893557844,-1.4292144279508878,0.5115859928564949,0.8060901453694558
2016-06-10,-2.1126418033934025,-1.2363232893513778,-2.865080397491764,-0.7176254530140657,-0.6853596902494231,0.24048597004593672
2016-06-17,-1.3215884156831068,0.042747550077072,0.3934259132360035,0.7570838240467139,-0.5913422585021076,0.5280809274301422
2016-06-24,-4.433180444271993,-0.5011196130135801,-2.2993778960341547,0.019315497803486213,-0.5557426717217446,-1.405854544453596
2016-07-15,1.0114689671530344,0.2914274394729523,0.9236549874633666,1.0068487548473157,1.1636228082284454,1.313410476935539
2016-07-22,0.5244649856519454,-0.4150768876342832,-2.8358039730007523,-0.38367566596366387,0.13241566767566149,0.804367606826616
2016-07-29,-1.0216862669320688,-1.381067678405518,-0.25029841224402466,0.9697264562752,-0.01500970942725498,-1.0147535165608257
2016-08-05,1.3457722693958054,-0.43089030756181135,-2.398205453597752,0.3524599979714064,-1.039512521655674,1.356579817615535
2016-08-19,-0.32891870776472115,-1.5635869758750276,-1.1516529271635534,-0.2000240363620831,-0.10760594534235858,-0.003023635662148758
2016-08-26,-0.8674692699942077,-1.300679296143258,0.07776946928607353,-0.7379304394462132,-0.37145044565251223,-0.19535514410091795
2016-09-09,0.29670307559475345,-0.1364119316030555,1.0758631096345563,0.894178159951481,1.636672421784695,-1.0619218315070784
2016-09-23,0.8213584688262302,0.07978077534661822,0.7990900784639248,0.03723577455613532,-0.07325178035669493,1.2348292277791237
2016-09-30,-0.8023092862353578,0.10406090676641043,0.20115425728507283,-0.8271979104723184,-0.4310118708429283,0.5376816227232746
2016-10-07,-1.4703653835651895,-0.2569912725464199,-0.39084206474801825,-1.6050414854464545,0.3468192030049773,-1.3474010826061418
2016-10-14,-0.8629112378627715,-0.9528462029428488,0.9264233964974176,0.7461491147689799,0.5837972449765753,-0.8097985797069442
2016-10-21,-1.7535543919191632,-0.4132863376813381,1.2441964471024298,-0.579156466424938,0.42434139179811836,-1.1508554941323395
2016-10-28,-3.965238857295392,-4.053222655376541,1.1819118892885132,-0.645986232440806,-0.926284079067461,-0.974324378128529
2016-11-04,-0.1234483832206658,0.2834673861306708,0.8859629877250671,-0.020370695461752936,-0.5334961992921585,0.8333869794691073
2016-11-11,0.9030856053207498,-0.15538990333265584,1.2677927605062458,-0.08242803282693671,-0.523271579257127,0.6168312430102247
2016-11-18,0.17347911493169707,-0.44971147844759124,0.27718787113142895,-0.16153559362463604,0.3312440345081381,-0.1279579922941262
2016-11-25,-0.06951549834542595,-1.5471613036737657,0.9361022895538408,-0.32036968078918726,0.5792478643888662,-0.9457148398332696
2016-12-02,0.8709674420876724,-2.2594052020152433,-3.1206936296100247,0.7314309569901455,-2.4776170023610056,0.4702039306261115
2016-12-09,0.16393226679962186,-0.27180907295194906,0.8091106856969099,0.22418790235575606,0.4878674122131886,-1.165720634527592
2016-12-16,0.37237557646040903,-1.5078060304386545,1.0190157011796928,-0.47811980310824476,-1.3865827194573332,0.5916201197216048
2016-12-23,1.380367627316617,0.23763328752747945,1.4540092018834794,0.8330668621635334,-0.19068816330643953,0.4768846955020671
2017-01-06,-0.05617727412451329,0.7107465042265725,1.755646417613468,1.0304475129880135,0.6058551527647367,0.7978271689385579
2017-01-20,-1.036389762478392,-0.785163979159641,-2.5134705593239426,-0.768860425403218,-0.984616718951797,-1.7428898228708782
2017-02-03,-0.1075210783277268,-2.524670414819609,0.38482248833376886,-0.2872541642776806,-0.7038237349363321,-0.8225366647306669
2017-02-10,-1.593775079210354,-0.19443602316337896,-2.1397416183007114,0.643559008842467,-1.9340292222292552,-0.7162935356121086
2017-02-17,-0.9498797127693287,-0.6672332556528248,-2.0225203309500808,-1.4529014329671832,-0.7594989897902253,-0.5554491669887888
2017-02-24,-0.42852055306498704,-0.6017394033889957,-1.6305911468867986,-1.199365849362178,-0.17043078607918036,-0.06859395281361792
2017-03-03,-2.3174442097634196,-0.5296043643455132,-1.8099835112006188,-1.770713976981307,-2.2744979888668833,-1.349889080486167
2017-03-10,-4.607041929507075,-0.6216190264523485,0.33744460945657023,-1.0441234930253682,0.5264003202574095,-2.8550883387159947
2017-03-17,1.0080150118352642,0.4670515645863582,1.0091247695198127,0.13393608145514582,0.30673599189028333,-1.4492054026533094
2017-03-24,-0.7323367141048571,-3.4573597046047704,0.03135317426953446,-0.17553994946645923,-0.22377094456697522,0.4820422285694678
2017-03-31,-4.047778850622198,-1.124716110166642,-0.549127707891228,0.019449804732497702,-2.2864136176822814,-3.749122951183127
2017-04-07,0.41985213860452875,-2.368406977456367,1.2955276906212867,-2.6881997618995865,-0.6289620374365503,-0.2512916434063376
2017-04-21,-0.16280827196375494,0.3628013483761903,-0.3900495480602418,-0.0700871856782296,0.20954193903636137,-0.16930361108669484
2017-05-12,-1.9400292164045347,-0.2982672399993973,-1.0847371090550493,-0.23789670441041116,0.624808825921853,-0.2969707333989619
2017-05-19,0.7104465932945896,-0.8479076359888879,-0.4863076208693916,0.1703351493881391,-0.9982867114939269,0.14685822859975653
2017-05-26,0.26587877819562933,-1.4824412551359583,0.24492716070450254,-2.5551070328452523,0.23015096425543652,0.2611283201064059
2017-06-02,-0.804437354162736,-1.3393273976677966,-0.6747531697502374,-0.4501657881858684,-2.239813269323277,-0.47691934624101656
2017-06-09,0.15892571353136004,-0.4009343764986191,0.038152508139680096,-0.828518063427136,-2.8031723215932827,0.3824707454580361
2017-06-16,-0.16941330228013418,-2.001070672168335,0.30830854919350187,-0.3544575935570882,-0.4591319033612024,0.42192091608284715
2017-07-07,-1.3619013389509464,0.09805499140110904,-0.04369262999902895,-0.49926166443616254,-0.1986260941671554,-0.13919904953709233
2017-07-14,-1.231122192846818,-1.2711069640048223,-3.1352671457981813,0.5839176386209591,-0.6336850076965249,-1.4238999704816513
2017-07-21,0.13506933427574955,-1.4407146431768871,0.26854683072282526,-0.21244101338772622,-1.303292487710057,0.7153704773165547
2017-08-04,-0.08064819235181381,-0.8657939720098454,0.5496858875553456,-2.0629498169773948,-1.730157574747508,0.39234530007140483
2017-08-11,-1.6269035217460934,-0.8497818080959241,-2.894067592659615,0.34844841452580805,0.07675089614247585,0.7548296144223043
2017-08-18,0.7841441082626701,-0.648755122988422,0.10215486982191926,-0.16358650872617236,-1.0972878632211371,-0.9072778061578275
2017-08-25,-1.0092415752668757,-0.9220675136349111,-3.920380287393359,-1.4574929792948106,-0.5222585738459977,-1.0632827179014774
2017-09-08,-2.13354168959148,-0.9691874311041253,-0.21915867862036986,0.4035616288064517,0.05500157293047992,0.45021836887859706
2017-09-15,-1.345462063668949,-1.019981904138084,0.6685887437487567,-0.527232603409572,0.4135015137807848,-0.5534219671766031
2017-09-29,-1.6940670835321696,-0.1315099864351052,0.28910626583135735,-4.550541528487912,-0.16618496853698841,-1.0896847539884182
2017-10-06,-2.568685102470376,-0.7371625881847725,0.5260022796875579,0.7850978873289938,0.3031190753349984,-0.8691728251987686
2017-10-20,-2.391093601729131,-0.17524363249704997,-1.139433051255612,-0.4319169174490546,0.15603189799628905,-0.3356126379622488
2017-10-27,-0.2635803265119266,-1.1573142030293693,0.40247426235437117,0.3067391844924052,0.3191469106835965,0.48434191888893574
2017-11-03,0.06737190139493267,-1.2098468932618114,-0.0388954514142841,-2.103505106289679,-0.16005907275648812,-0.9187268830264206
2017-11-10,-1.2251522133555877,-2.5573055318069438,-0.38220172488951515,0.10534095106134149,-0.32987358944114403,1.0508594835715006
2017-11-17,-0.7024679400129893,0.17442846185049335,0.3798040055620707,0.10348125077596336,0.1679111090976358,0.9385539555954924
2017-11-24,-1.3691746193064809,-1.3561743612556427,-0.4338718685123061,0.5605684091796513,-0.22909101693630973,1.5924855509093325
2017-12-01,0.6490466566463402,-3.305508453982756,0.9852796544079572,-1.539607576681129,-1.4942409578356592,0.9601547360354958
2017-12-08,0.2742440525888923,-1.6238160080913229,0.6697621299798107,-0.32233219239615957,-0.9078616419707768,0.7526842440428708
2017-12-15,0.37578063958709984,0.6052846280867668,-0.9450506165598392,-1.4912421331059642,-0.4270805080049804,-0.6287769232051985
2017-12-22,0.49869047367213043,-0.8960833109553903,0.12773010846250998,-0.08536455806038024,0.3435503902488509,0.597928133766014
2017-12-29,0.7613662180330618,0.7208958651509946,0.39506991665523084,-0.6791965466157374,-0.40740518527136094,1.192972231907177
2018-01-05,-3.5015309550286493,0.15765096732641704,0.8928674127254054,0.9206911623055871,0.8553569345901945,1.0457797929168196
2018-01-12,-1.3600825243035046,-1.3540187204962022,-0.6782755941885578,-0.11923770106335554,-0.2013673616386313,1.289900841327554
2018-01-19,0.6307884058486737,-1.0865124667822321,0.13336888156525648,-0.17091257017339517,-0.4876470878379431,0.12441994315876882
2018-01-26,0.9482435064785871,0.3093906746107852,0.33314503421053976,-0.7518176813312085,-0.8839965349520478,1.5934791938890835
2018-02-02,-0.7369914843740882,-0.11735076692587056,0.9485396523694943,0.05042946270699318,-2.4805834076290854,-0.046389761216575655
2018-02-09,0.6299561477811719,1.0100544982141713,1.266167848490217,1.4858702622215174,0.8169756213252343,2.2612345732243635
2018-02-23,-0.8504076515843702,0.227314573538556,0.5285896352274004,0.9446186959948382,-2.1194916675913578,1.383379609342506
2018-03-02,-0.5657842546017098,-1.2305583562116342,-2.2422660109884163,0.4322537342310618,-1.5298508379461433,0.5014248410043494
2018-03-09,0.8283612210863993,-0.4204432849189391,0.0223947124144864,-1.6986842999633367,0.7135040755379359,-1.6295164226768943
2018-03-16,0.7008986177933603,-2.010941880159341,0.4810573493340136,-0.27523989679540706,0.7075383712814545,0.8568992022373557
2018-03-23,0.4095933780775294,0.014553944905014217,1.1936500675839459,0.9623586403025296,-0.026964071386755165,-1.2202129730656779
2018-04-20,0.06640365297067212,0.026227563327762913,0.7964140727308694,0.7118488022751157,0.6480513692996893,1.1862496557798867
2018-04-27,1.9214333151160872,0.2581491204799032,-2.606400021440226,-2.2337473712286107,0.2621444749921219,1.8588872140145356
2018-05-04,0.7733637593380527,0.15535338947530075,0.8287129368039984,-0.11229094984132361,-2.263432960578,0.8149480295244915
2018-05-18,1.0839252337594751,-0.8398525561660217,0.03452137846118795,0.14168493537854293,-0.4032188302567571,-0.8834544484102688
2018-05-25,1.185771534182785,1.1401996933035992,-1.1289484054111814,-0.786311344329634,-0.2990013184870481,2.0348041196052904
2018-06-08,-1.7858626139125282,0.21625530609126314,0.36293545009682043,-1.3541513273868544,-2.04790073006311,1.513452793013718
2018-06-22,1.0676434955478793,1.5787294730888959,2.2148362047001435,1.4888231240435696,1.6463308686677283,1.7091306677561808
2018-06-29,-0.9454028857433846,-1.8544147103016344,0.6045701995541356,-0.5613101619244546,0.8917226347361022,0.8344987593145702
2018-07-06,0.5962596553991795,0.4992901795270096,-2.333657165034856,0.8671437250581239,0.17806802410747316,1.5278367959673733
2018-07-13,1.45445825422044,1.2327232398740655,1.0693800090403112,0.7534551967078533,0.568374479222209,-0.15939214115495573
2018-07-20,0.18780365139589655,0.6331340963739472,-5.148678692111031,0.1336667675498088,0.5078950754262598,0.9433711326630146
2018-08-03,-1.1816150663947484,-0.48283039945828354,0.41917375508402216,0.5866937378982411,-0.5129640867918284,0.9327153714899267
2018-08-10,0.14189601810978783,0.3585211085740691,-1.690336203875845,-0.5419083220412354,-1.0253114575371098,-0.08327555303281663
2018-08-24,1.1466717317270507,0.33551670748373097,0.8687085667836504,-2.1994588148423384,-0.2081887841694794,0.6194969589468534
2018-09-07,1.0345847733373694,0.12435847768996448,1.2021115472999513,0.913082092114041,0.6321089756428844,0.7456818202515779
2018-09-14,0.3036641241103799,-1.3673121729407829,0.9047793285402222,-0.15236761563800827,0.6513676832198966,0.8283839426891703
2018-09-21,-0.809290086735335,-0.9657431902261878,-0.8976218248788577,0.5675449995736785,0.6677524577943139,0.15386327279960862
2018-09-28,-1.1545135988801356,-0.029787400421263557,0.37060659815922503,0.19567459713449725,-4.103513555320931,0.3378525461239204
2018-10-05,1.4300920225242924,-0.10949212416619605,1.017917785338684,0.3795567810038013,0.7249069882070623,-0.1473479626064202
2018-10-12,-0.8498537403428159,0.9731214101330958,0.04193984366210733,1.4995870061837306,0.3548515457147693,1.3540742314784027
2018-10-19,0.3320960647525898,-2.5150486733861754,0.729169322583979,-1.5267999487274877,0.518527487425644,0.1951598060245037
2018-10-26,-0.10401307454135951,1.055845585965365,0.2043060622482492,1.0983783139889092,0.8599157408614899,1.8232263324471671
2018-11-09,-0.6058315913676668,-1.085241655393628,0.8882002266889474,0.21551186445202633,-0.22923779678084946,0.13928939812098112
2018-11-16,0.8438785796575867,-2.3009894770482475,0.4885577869955967,-1.6996372144001086,0.7077506986482379,0.5747115945953055
2018-11-23,-2.279770638060087,-0.48249938376838053,1.2702622087503017,0.013915683951219667,-0.23304068852651372,0.7785485771244051
2018-12-07,0.14237742445138715,-3.2070811707461573,0.22885119439000637,-1.5683489723194082,-0.6979605870698204,1.2239588520119387
2018-12-14,-0.34626607635027834,0.10594330472357151,-0.16846613836892485,0.09516962458488143,0.9113483818377349,-0.37740196129395215
2018-12-21,-2.289717477705744,-0.6944100908552279,-0.5186753666343875,0.01409762552816037,-0.1264829603947172,1.4511925125411549
2018-12-28,-0.6929308308733391,0.25938330726078274,-1.6972018579293007,-1.4175260604837137,0.6886705746516892,0.7817854565935859
2019-01-04,0.24987861207608233,0.28221976177414554,1.3548884626623714,-1.661933239418262,-0.332972954978432,0.2721027344122217
2019-01-11,0.3190710309540797,-0.221057036396969,0.6018528136619016,1.4943765269697662,0.3231068006136878,0.8943411161095306
2019-01-18,0.30272998975673365,-0.6287366154242117,0.5841105190955833,-0.22320727352002703,-0.18106067840533985,-3.091601926331861
2019-01-25,-0.6226975964403942,-0.6553297196087674,-2.583259354072025,-0.3747490480175178,0.9102778161973533,-0.3193773203315959
2019-02-15,0.8388849513556021,-1.157356847813487,1.0754686878496222,0.4628569107571568,-0.12842236591007664,1.513288098328567
2019-02-22,0.5552109111825857,0.6478151236098623,-0.39912372805069224,-0.07620125598346522,0.30061702815222985,1.366217626315818
2019-03-01,-3.7729326722103367,0.1884975723678283,1.41262667959067,0.4222454288570615,0.07340467881572532,-0.05886109844604706
2019-03-08,0.5952839849641568,0.21033656764001135,0.6993221009025775,-0.26838188258865275,-0.3681344951702223,-0.5585346788285028
2019-03-15,0.19586320895436246,-3.267773789193228,-4.199475606188343,-2.0042234539754658,-1.2747034779952744,0.6403474387203945
2019-03-22,-0.01303568627008881,-0.18710705894998367,1.001163268162594,-0.9894200510855035,0.23632073268860473,0.4360429364948525
2019-03-29,-0.13934389896331495,0.33034140415769414,0.14919394967466018,-3.718367848393838,-0.7653849736049028,-0.2140250109323598
2019-04-05,-2.5092392036798676,-2.2001313351878076,-0.5030928901990032,1.211700490983734,-0.7798521304820167,-0.14740922680288482
2019-04-12,0.05664307795206334,-0.3403803166252012,-2.3331804461357475,-1.2704328890461172,-0.1472089923430783,-0.4385354417143127
2019-04-26,0.4974834843902485,0.00048724041484592254,-0.8628798659148431,-1.2747211000518945,-0.8770468007458921,0.32237008466672507
2019-05-03,0.24944561360581452,-2.7190428718594166,0.2304407110135383,0.04615928572454715,-0.3407186264545984,-0.574453118633736
2019-05-10,0.5661496846530542,0.5096265846339967,1.0558821456552627,1.2710370408701759,0.601425937983979,0.8070306904152587
2019-05-17,1.8490722679310516,-1.186179495961743,0.7260452048576169,0.7421351999365702,0.9131430019269346,0.908729007351718
2019-05-24,1.3556611100601477,-0.8221226889498034,0.7561342612570321,0.10963801217332486,-0.9860840129415326,-0.41139213196903507
2019-05-31,0.9060713160987914,1.1719479369151309,1.0427378482807264,0.5057359812634762,-0.9749768094092464,0.05057165308898391
2019-06-14,-0.4147341119065028,-0.3044533822225483,-1.374836004278078,1.1964333050874758,1.1523398634232456,-0.42258676336013073
2019-06-21,0.03661311689813571,0.9654523628950591,-0.20633862945544446,1.1048789946152948,0.9723794332430279,-0.5370291264224274
2019-06-28,-0.3833163405367547,-0.5071628549672151,-0.3644041072422506,-5.062673169762912,-0.26686340580978496,-0.030378890297986298
2019-07-05,-1.4556893376588114,-0.47797697314781507,0.38329680692795515,0.3012956274171584,-2.9676772812662704,0.970297875464356
2019-07-12,-6.180912111691031,-0.24789371519745565,-1.2250941076973296,-1.267016947469306,-3.873212636833717,-5.091055791031522
2019-07-19,0.2599723510203313,-0.3904399027308382,0.4465616607305386,-0.4905418096792755,-1.5970189329556637,-0.3439226817382426
2019-07-26,0.7200787603567679,-0.47989637498085846,0.045276935728227136,-0.8645129647871796,-0.007861776568350073,0.10845869478251442
2019-08-02,-1.444045601523605,0.2583425838219583,-0.411357368572799,1.1311355523441542,0.6703863729829338,-1.4838490212664928
2019-08-16,-2.630950513400078,-0.015118285394880188,-0.29243803919099676,0.5398990444647583,0.15909929689582722,-0.5460637476416076
2019-08-23,-0.7026164391343281,-0.46173010179346596,0.17505858246533829,-1.894788659484799,-0.07014186705784622,0.23301957397840323
2019-08-30,0.1468605974267704,-1.746070034513524,0.12878452361907244,-2.093819087112832,-0.6948438863902286,-0.16372403705249552
2019-09-06,-1.1746587896341567,-0.7404416566865902,-0.5438176088081298,0.19436488199021956,-0.09355346454501566,0.019158803405747476
2019-09-13,-0.892646541707634,-1.6050019702350413,-0.30238796144755,0.7460466282383591,-0.7211385365782548,0.2926305514074483
2019-09-20,0.49787594986951345,-1.4267059075818507,0.42408937117141626,0.4863853350720842,0.4460409984914244,-1.147088115615633
2019-09-27,-0.5860257612113142,-0.18129329611345316,-0.41335953743932735,0.0801882111823056,-0.7743883944786275,-0.28443009588263596
2019-10-04,0.794396335259165,0.5217975786574381,0.3898279596909596,0.42125990691725795,0.8443487585994471,0.03201317175264374
2019-10-11,-0.31160112555529534,-2.931744996898868,0.6253133869347128,0.13988433559572638,0.21521838477317656,-0.8453262940260893
2019-10-18,0.3372172332988507,-0.08885885951314824,-0.8017337983418968,-5.099552023590914,-1.098426488159194,-1.3222803251200574
2019-10-25,-0.02972885773605282,-2.6142435420961347,-0.7517458604189111,0.817983715970425,0.8612920966375265,-0.29802234946208056
2019-11-08,-0.7515937699542142,0.023133403598866887,0.09988639925579026,0.07136483703894532,1.0319991483910484,-0.38992085361861634
2019-11-15,-0.21473677523473003,-0.06726576775593875,0.5069191255824693,-0.24540059992403415,0.7879115137894438,0.20382173374058876
2019-11-22,-0.77733526535642,-2.0328091957300995,0.3704325046534939,-0.8947740712617365,-1.2662730654065508,1.1771343518155564
2019-11-29,0.3783861367573543,0.7986811467327987,0.02715900589862206,-0.011518878652087401,-0.8046152797530757,-0.3263220960096986
2019-12-06,1.0543050672165546,-0.848426612371797,-0.21357160346659695,-3.699630221117807,0.6964828995526399,-0.2964927953832233
2019-12-13,-1.7792840120707378,-1.752867012403525,-0.032230601247961184,-0.5049206317225728,-0.048683902586565644,-1.303648222203526
2019-12-20,0.33284644833343363,0.8973845570200465,0.2893386377132153,-2.962946693259916,-2.765893542429067,0.016213936056460942
2019-12-27,-0.33884566181762454,-3.623193273356253,-0.6149721498086951,-0.8227797648282982,-1.0895082353613552,-0.30162207476848363
2020-01-03,-2.381190233153006,-3.0407762614339835,-1.1603225929986276,-0.9671047432020057,0.05423227071085083,-1.777677876661042
2020-01-10,-0.26092619436078157,0.2182635425616389,-0.21431191887544637,-0.639608344090597,-0.1018772357385791,-1.0450863449831092
2020-01-17,-1.324094832705027,-1.2984037174593337,-0.3577366090229108,-0.26483444409204043,0.22154766412047022,0.06775217702753515
2020-01-31,1.6078617120125689,0.9896720988996538,1.741045815678958,0.9930160285439212,1.2793034779537584,1.7387270138467859
2020-02-07,-0.0023260076902451286,0.4178657103423085,1.4272404720265206,-0.13231862138215947,0.32491164518162924,-0.8210307308101039
2020-02-14,0.8046854534666007,-0.4349142109203993,1.1137319549402178,0.18599764938180932,-0.5378240880592292,-1.0458282578731828
2020-02-21,-1.3447123994764991,-0.148198467663031,0.18084348199627256,0.19767250512619486,0.7256218823750862,-0.7631911818547272
2020-02-28,2.0258893943321423,1.1702324736804155,2.107114031319636,1.7030413400264206,2.389943467920557,1.72444745233317
2020-03-06,-0.1778166860500886,-3.4731778700410176,-1.3525061906924678,0.5175165741288419,0.5755852221049956,0.042166421284408465
2020-03-13,2.431009402587914,2.2816306055387705,2.745632807168237,2.4597314368032475,2.94226148239683,2.754808669433715
2020-03-20,2.7530179576307456,1.1417974412446754,2.9581938621786117,2.1812064489160985,-1.910247553212776,1.9568950813017525
2020-03-27,2.0828526458162413,1.1015651858899402,2.2742654850202495,1.564342585944564,0.9034152174036004,0.6651978415655165
2020-04-03,0.5296496724241918,-0.07199654644130596,0.414839219612015,1.735767450446006,1.2504227329653428,-0.19691556511770822
2020-04-17,-1.1803795521704286,1.2825048559325418,1.5976059140935324,0.5123293296381372,-0.09574055201409462,1.4090891100692247
2020-04-24,1.1116994977076369,0.9932572055642025,1.7538272022770507,1.3239592347572202,0.4475497099808806,0.5022175234792485
2020-05-08,0.9380094570199576,0.6020161257935202,0.3303055536709091,0.21544006980633434,1.0210925421058872,1.7297885566747635
2020-05-15,0.6796105095136649,0.41675242063098666,-0.5429524139573395,0.9827066012061426,0.14630765877185703,0.48318848286869653
2020-05-29,1.4966613504072774,0.9194959697782702,1.4101089370571274,-0.8303991827306257,1.0777552291925623,0.3120264305740779
2020-06-05,1.3871622279495872,1.7021923319684396,2.321318345357484,2.2144607804817116,1.8999903369524132,0.9102173058434292
2020-06-19,0.2316649270596569,0.9317884192005494,0.9243112298150477,0.6272305835345068,-0.1592497097103455,-0.5413519893023138
2020-06-26,-0.2540395627676743,0.24423254256123325,0.6783655586556726,0.1461875218879279,1.0977632243764108,0.6561520027714186
2020-07-03,0.3445677765182714,1.445415181966205,1.0572595467888497,0.6110623148991225,1.132427208781718,-0.6650597256739477
2020-07-17,-0.04500458671741849,-1.2670337489914145,0.5700637118402528,0.2596771441640031,-0.4003429414061756,-2.3758984784044435
2020-07-24,-2.7025377166148883,-0.8630999713918082,0.3464360235809283,0.40510018735774045,0.3235185544872011,1.6173905937582675
2020-08-07,-2.194558680973886,0.47609065184642957,0.3365963662032684,-0.48080644119980775,-1.1668231930478958,1.6590140260867898
2020-08-14,0.6920350630827383,-0.1481333961429245,1.3541656615740778,0.33431962825538947,-1.6099753644127273,0.09240421080216953
2020-08-28,0.32991328571613243,1.2080141088401748,0.7125391711186638,-0.8263863718933303,0.6065723739332016,1.0266872121956834
2020-09-11,1.4705977142138438,-0.3161205228497102,1.1353061912571272,-0.24585141422860923,0.9036408989174153,0.33939105058815733
2020-09-18,-0.16981359294214804,-2.135239534082601,-0.005466749011964105,-1.1856723332742694,-0.4208948225271226,0.2916446941430574
2020-09-25,0.8187232323875471,-1.7930061713980656,0.17884278267057793,0.02307988952087973,1.2327380713414702,-0.2117179286842963
2020-10-02,-0.9517510286853302,-0.5319060451428024,0.9990903556950104,-0.04157753559459912,-0.5172261831350821,-1.7125773447188979
2020-10-09,0.9336225880394766,0.684677962941562,0.12784725187147866,0.3821965451068358,0.8602211818274409,0.4295967972787419
2020-10-16,-0.02057053053585176,0.558165445169999,-0.5793503223099976,-6.044415925477769,0.9843525898145606,0.7262092621618222
2020-11-06,1.376960589784398,1.2621176782589394,1.7159126877659823,1.823331098775951,1.6690431648834405,0.31898836560789623
2020-11-13,0.8439162698580104,1.5055322839239815,1.4262018251617739,1.6131064832940647,1.8917730440651597,1.0785771398197828
2020-11-20,0.6956296414731166,-1.366202280284354,1.0395124571369487,1.3027417889411734,1.1423885855497928,0.8854581363340308
2020-11-27,1.316092507344878,-0.14544065178098817,1.690288347314899,0.4123714325446266,1.231728666878443,0.7040111963079813
2020-12-04,-0.7586065689931176,-0.12428103142947412,1.5950276760936866,-0.5809333816175902,-0.18080267939185762,0.10383887836565692
2020-12-18,1.0141290110184755,0.6540431474551682,-1.0024914929982673,-0.038584308674686596,-3.934070977076528,0.7103420379728682
2021-01-08,1.5166358258062747,-1.00286931925758,0.7330847134382694,1.6330561107239925,1.7639231211259407,1.7264250940817267
2021-01-15,0.6043545907314936,-0.9699180065207249,-0.3455092542015496,-0.9429796890587927,0.12488735922887305,0.8086639618159718
2021-01-22,0.04446872908087099,0.630203972840008,0.9922330224694321,-0.8098219248340595,0.34266924891299316,0.8428029418348829
2021-01-29,1.9896448291015856,0.6514933986700239,1.8477616823858567,1.1054435754722438,0.7345254658361673,2.294372945863586
2021-02-05,1.5724063156758754,-0.25136594463154,1.7861850451497294,-1.8450553762826676,0.6929815807157061,1.8627413112031292
2021-02-19,-1.8896225653620389,-0.0942211342656063,-0.07436364334057181,0.43477202211814536,-0.6517624200543117,1.6331371290711467
2021-03-05,-1.3047573169742555,0.3420880100095193,0.23517909459763808,0.7765070025622846,1.1356360254401814,-3.97250162799307
2021-03-12,0.45529618638644787,-0.03216680208237667,0.8090679916805417,0.9798517636085021,0.43659986472299855,0.09094940853141717
2021-03-19,-3.43490239241526,-0.4342125153675996,1.4914841342970804,0.2329725981611363,-1.3089595302495356,0.05024538881885811
2021-03-26,0.939664032633576,0.42846890972452056,0.5141440997748165,-0.2956306156278378,-0.36451576519400614,0.9942707073374939
2021-04-16,-1.331662735552583,-1.4257611382980095,-0.25825845479337955,-0.6175207513016538,0.10956743994958049,-0.5607755003026803
2021-04-23,0.13691068069410167,-5.772581089755397,0.5954179915513499,-1.4212683488398044,-1.2091035442809046,-0.2361852433768366
2021-05-07,0.12129196529139546,-0.11592290751122626,0.5744745118865623,-0.5776966928372673,-2.1207219620919022,-1.6344123180253225
2021-05-21,1.037403876057938,0.2579404302915597,0.11742184780347138,0.7114934044192559,-1.6562827344788953,0.3205637404886669
2021-05-28,0.2617799124244306,0.7152330965587498,1.999687060681728,0.655895725324938,0.6338941758655181,1.0315630340023345
2021-06-04,1.2907968988713099,0.007890668800163795,0.5926885675808334,-0.14011715132657507,0.6155554021394158,1.3808400785252528
2021-06-11,-0.6954701290239229,-1.5671229913590998,0.48646471432636235,-1.515566287826742,0.4325910066787942,0.49286113863549574
2021-06-18,0.3787693680520441,-0.1301647120082735,-0.1984885849425858,-0.8249267316061771,0.3724683952187668,0.645720022111389
2021-06-25,-1.3703340756399431,0.6235654446524608,0.36220471430330553,-0.3283632667511736,0.6402771599894872,-0.11386049904643163
2021-07-02,-4.594243366651758,0.5321469878303196,-0.2986869026342372,-1.447426493528921,-1.3300522554786205,0.7634621172365467
2021-07-09,-1.2760231385387448,-0.17876113599115645,0.8832784331730072,-2.5476057098017364,0.522732457172131,1.6651217422474618
2021-07-16,-0.6173410811460192,-2.08043453405332,0.7351781745315523,-0.4076370131830898,0.3543683913189435,1.28510492518391
2021-07-23,-0.7352653437650005,-2.7641033706553717,0.963110040407712,-1.8933257146767408,0.629492102753605,0.8644978778453949
2021-07-30,-0.6537856893822975,0.6477470728567132,1.3654503512996834,-1.1622741178466975,0.41316161110992383,1.1622156388037257
2021-08-06,0.7764542630612595,-1.134235089881227,1.4377095156888209,-1.1306647267420675,-4.331563091276138,0.8622912170593539
2021-08-13,0.03541710627334895,0.022158679374712557,1.2288848905228213,-0.9980077929608865,-0.8375250566531077,0.1451480875013883
2021-08-20,0.5803708285171119,-0.15694794396117967,1.575697621917325,0.6940989238052444,0.47843170513882227,0.7209056892457849
2021-08-27,-1.7400274718007356,1.5351711750623651,0.8269196676352589,-0.3411893179867068,1.2995030338653193,0.2056614171696215
2021-09-10,-0.6454262012169303,-0.1799070465907516,0.05666320910466783,-0.7264749148701304,-0.09228990968634834,-0.2287360761720522
2021-09-17,-0.4658174523299745,0.5640489556300762,-0.18556520790502168,-0.11240424607299879,-0.5193479914697055,-0.6099521430172695
2021-10-01,0.306184567659314,-0.7011959059256764,-0.909844366264774,-1.0934656255093098,0.47347293185934836,0.19243626560892763
2021-10-08,1.3813450539616194,0.9372441351305593,-1.4184957202442756,0.6941656668907731,0.747007545991031,1.027923924282689
2021-10-15,0.8378818093289241,0.7768149579373126,1.4686486818779665,0.6646635808353463,-2.728872401449618,0.36761448644835854
2021-10-29,-0.23355755475238113,0.4922651842514428,1.1864991942969592,-1.5246414652703728,0.20197998903878694,1.3570501028590196
2021-11-05,-1.9299209179792716,0.6814657178092983,1.3800160805050474,0.3160196264976133,-1.7619730707655268,-0.16970235491879898
2021-11-12,0.04586775697358113,-3.4021414959819287,-0.559556772753849,-0.8455555626125956,-0.7474017000881301,0.14055562052522455
2021-11-19,0.0345897946077626,-0.9898530717321651,0.3328396229473213,-2.1167450127104757,-0.3882167346536089,0.3625130620693915
2021-11-26,0.8712921700033415,-0.131280099801344,-3.53158063277165,0.7252326586390822,0.7497124356008219,1.0161244120670598
2021-12-17,-0.262172236332395,-0.1301024236346712,0.3757511164429632,-0.26434323650302793,0.36586492433693596,0.09912357241198352
2021-12-24,-0.5225963724786117,-0.044178952306238306,0.46971527103744654,-2.22827652777051,-1.2906611609311178,-1.6783212552172073
2022-01-07,0.5902267425980912,0.4511584086068831,0.4562221403264711,0.9470698147417845,-18.420680743952367,0.6909444625208919
2022-01-14,-2.135533443180148,-0.23725989873636635,1.2547138972773928,0.8608046455930549,-0.10376120974414035,0.7638632621257307
2022-01-21,-0.7105013544342617,0.6066824020763536,-0.8160106054548623,-0.9365270612203692,0.1797170575239606,0.44351792054002
2022-01-28,0.19016169851303605,-0.7720061732661063,-0.5598233503938378,0.39464407527343526,-0.21927208809586088,-0.8885099659760868
2022-02-11,0.927171163002555,1.33496349666596,-1.373336887278156,1.699807291053284,1.2742476752207281,0.4229985509566883
2022-02-18,0.11910320250269738,0.4177900059855771,0.7036016608730733,-6.529581209039043,-0.19779078735196196,-1.5691977405779216
2022-03-04,-0.5424961255000977,-0.2681550806635921,0.5785453093217734,0.7304695257339565,-0.7171809992485229,-0.8469257841492743
2022-03-11,-2.4927599573021624,0.8119015799646416,1.1569569879803117,-0.34734666103163814,-0.1942008185329812,0.9595899810069757
2022-03-18,-0.7627003243833032,0.37740590129488943,0.39276253177751663,0.9006121330570934,0.20607121197995565,-1.7463558305509688
2022-03-25,-0.3833035231942239,-0.28264486145960194,0.506076919583062,0.9014759531471113,-2.2835113840852608,0.6838359392025763
2022-04-01,0.07944756028583548,-2.8908886847140174,-0.9345034072181085,-1.8410457472750232,0.37234482514526596,0.1740268255865858
2022-04-08,0.6144303611329853,-1.1904683862243188,0.6436379133069755,0.0520850158734111,-0.10095716824890252,0.83173259642773
2022-04-22,-1.9857178778680533,-0.20789579835338887,-1.6306535124643788,-0.2818643760169419,-0.03474435961278321,1.7214134559479408
2022-05-13,2.2118207488419483,1.2706139523653543,1.6812538777384127,1.6220271453020516,1.6311272767322267,2.671476781292093
2022-05-20,1.5556572139699907,-1.1890703356002417,1.722064251112246,0.4296952279865152,0.8776448775006893,1.564956132602892
2022-05-27,0.4386701728517945,-1.8808544379536007,-1.2049009602697611,-1.1712043216047594,-0.03166556668278481,1.2648342535004944
2022-06-10,0.3000484403993669,1.062940794794128,1.1585944853839436,0.4489575555607134,-0.08598149426483638,-1.1931676941923488
2022-06-17,0.7583647731631805,0.9251525753576549,1.1270835865410067,0.9798004880172295,1.5236916604460324,1.6753607990718862
2022-06-24,0.416118454140298,0.32586422506860685,0.5971374976947094,-0.8284447266311765,-0.5123641131280812,0.974089177316508
2022-07-01,1.2791853057775413,-0.10143043463306942,-0.17047598437885522,-0.6588318578135871,-1.3905693676576494,0.118379654908176
2022-07-08,-0.22367961585722854,0.5103144875193737,1.1432525670233606,0.1360102411748235,-0.05600549775898358,0.8450820895997533
2022-07-15,0.27681359281276313,-0.6600144411404321,0.9756920818357291,0.03029967756372475,0.46068384873852153,-0.39217441654991186
2022-07-22,1.244926601809553,1.1891708050562557,0.08958000375094959,0.9622070782206749,0.2268753890976076,0.26748079197569385
2022-08-05,0.643321824330185,-0.4738015152265729,0.3423091127869273,0.7868302043706961,0.4404779088861539,1.3284125620116307
2022-08-19,-0.5049641576999052,-2.1519712461154024,0.8843105218972456,-0.35865572423641806,-1.4900598147743225,-0.6140027636988313
2022-08-26,-0.6542989546016887,-1.2865401452588239,0.4920793576077648,-2.375367200661991,0.14261162881498463,0.04830003693516313
2022-09-09,-0.09634346108348965,-1.02685205362381,0.2647896170807799,0.5712248143813403,0.6840523211227957,0.9199385289772692
2022-09-23,-1.9995561960105463,1.074082807535204,1.507860069254751,0.23767687054928685,-2.521833274304636,0.9256101748884455
2022-09-30,0.6616831423640518,0.7667978553720091,2.1571098885619113,1.1142971579963559,0.9632782075961687,1.8077642608601947
2022-10-07,-1.613207365993035,-0.2082989213901192,1.1862528338238785,-0.7008262738877359,-0.47543543754135287,2.183833998235583
2022-10-21,1.0780210728049409,1.5089507318296613,0.2820618107450212,0.8408838462198225,0.6615590767903061,1.3959111925810084
2022-10-28,-0.6091098345734659,-2.788501438624653,1.0294036882922155,1.0853600230962843,-0.0805225434702616,-0.30567443140735395
2022-11-04,-1.9030935286376884,-0.46860843591821677,-0.6533535092337867,0.8293386797685693,0.22550820307530395,1.0934816208229872
2022-11-11,-0.4811978100863165,0.7225103147010132,0.4845701383975231,1.1280681063910412,-0.3970953402609349,1.4743541694625877
2022-11-25,-0.8897410578206845,0.93046399341701,0.9554728337194881,-0.16310461919934552,-1.5432039729002114,-1.5164105923384386
2022-12-02,-0.7418130306751247,-1.1414048593093635,0.5828867838744352,-0.8014802586867201,0.24256504438814414,2.3601507813503626
2022-12-09,1.4895363705865332,-1.166033903148875,0.3252968142913647,-0.9040889386454206,0.12515727584490163,0.9729663265812667
2022-12-16,0.36134943702502326,-2.393006458284534,0.24603394159287326,-1.8382843565716793,-1.3698189667142897,-2.75389340627951
2022-12-23,-1.7763666185210434,-1.3416700480972141,-0.38110781948569256,-0.6542931921642525,-2.405539109019057,1.1318336000721563
2023-01-06,0.8976756538655226,0.00401518489159332,0.4286126622766034,-0.2507942749972384,-1.167512857406754,1.460837415760556
2023-01-13,-0.4443255306179275,-0.027101974666575,1.4266616639339655,-0.6570428016009854,-0.7570062172841322,-0.1901175227073021
2023-01-27,-1.0520863683550818,-1.6849253903086785,-2.76109503137403,1.1004921946344428,-1.422217796623588,-0.20982589997152762
2023-02-03,-1.6892742997522348,-0.7467620448124184,-1.0441116232384875,-1.2286479571582682,-0.8698122241115832,1.2924609702658478
2023-02-10,-0.7866312208026858,0.06873517461123661,0.7729722794456793,-0.35698148892569787,0.3500112722996619,0.717526458573084
2023-02-17,-1.4989907440508197,-1.8544748791617327,0.35903208640866763,-0.0342226900358316,-0.25104472270535577,-0.969515844388836
2023-02-24,-0.5635544766145737,0.3150318929091385,0.32438050101679344,0.3320567116331353,0.07173218743958774,0.6323459956302284
2023-03-03,-0.46485136815887923,-1.4990558380614456,-0.7815956152645455,0.434187077671625,0.5157435877093801,0.35972476335699216
2023-03-10,-0.33980856427146083,0.34945405576931715,-0.011167712679292811,0.5326651442751608,-0.7963892255419361,0.9997136678735012
2023-03-17,0.25873178246752876,0.4061352060810324,0.6098882344815231,-1.693119221825542,0.8219457730050387,-0.28869785264182835
2023-03-24,0.22332350310594729,-0.15571905858327145,0.7063351860988808,-0.0854626052971452,0.5800454521679743,-1.8467494385965573
2023-03-31,-0.4553803630322036,0.48373621194816735,0.44759179827623313,0.3574429250688214,0.07896819069251698,0.5252239826831389
2023-04-28,0.312769623710589,-0.8344746906419408,0.4650293923041764,0.4425622307781905,0.6387740738455078,-0.5214089489275495
2023-05-12,0.16859653825600462,-0.5638131763073491,0.4831309442205261,0.5844310282855036,0.5949006782859555,0.925785579011169
2023-05-19,-2.2309340720068485,-0.9309369700679165,0.26611639494493483,-1.6824107671945692,1.105520948052323,-4.139378219286699
2023-05-26,-1.596634985339801,0.5908065012209206,0.7112230564134804,-1.898718579533423,0.04628640327400217,-1.1690004617019447
2023-06-09,-0.09226838494858366,-0.9788877187554997,-2.5948495190211673,-0.4297244187875608,0.4379041295240526,0.4176748684044126
2023-06-16,-2.694973598628111,-0.09823143922213272,-4.001673462382283,0.8182718192456273,-1.2915460176273192,-0.36825829267143173
2023-06-23,-0.12569017655593967,-1.807520390203424,0.5763194078706898,0.7520770884332033,1.2572205101954825,0.2324691179993278
2023-07-07,-0.20340022895652995,-2.632679445990098,0.3265461780223462,0.7391700708310686,-0.17301188364668876,0.46023473461593406
2023-07-14,0.8127371747300777,0.9032927835392117,1.3297945032455047,1.2290364652023495,0.6000805560568478,0.9670388407044332
2023-07-21,-1.8119165892683087,-2.2904499899055475,-1.069675095564772,-0.0952256680012439,-0.2961963997355226,0.3965379498177369
2023-08-04,-0.372323235215145,-1.035559411898889,0.9813010333788443,0.8606143662253011,-0.1820932222814297,0.4086361339342887
2023-08-11,-0.928319492723015,-0.19422248490917327,-0.3582040247317522,-2.857836444191784,-1.1821088354485239,-0.6794847256375182
2023-08-18,-1.230669110198628,-0.27101893023877294,0.5997716722928735,1.3141830799173355,0.04911543303487405,1.5040709301340338
2023-08-25,-0.6604650218909801,-2.20090650846304,0.7362929733885915,-0.6906072560794327,0.9814329590653275,-0.7859855102643478
2023-09-08,-0.2735848133317286,-0.5427412086184893,-0.39264751117219976,-0.23148500490893426,-0.08057857306740196,0.3463648191596728
2023-09-15,-0.1812288339873131,-1.2728409243400665,0.44756449853228863,0.8102184773340957,-1.1002932116344468,0.1344168272364297
2023-09-22,-0.7205425226672554,-0.5025763325542262,-1.3161862676830833,0.8500569286510327,0.23798799312259472,1.0421289860523075
2023-09-29,0.09779372729756222,0.5951446634225068,1.0520930511061592,-0.9363115749675235,1.2289987150472346,1.1984247777900081
2023-10-06,-0.29702581705937486,-0.6671005131809454,-0.026015532096311487,0.29722688471259384,0.8183974943307152,0.8082323794023011
2023-10-20,0.1193682104670676,-1.537630553440638,0.6879084751751813,1.2483527884214356,1.2829550942050234,1.417862956489609
2023-10-27,0.2838894937536461,-2.8190882669069204,1.0950248710456585,-0.7267071701875097,-0.22586156594086934,1.4754497544135992
2023-11-03,-0.8125489702243657,-0.5881366945714485,-0.7841269297462056,0.9695796387343139,0.8090756033937934,0.4135300647970744
2023-11-10,-1.2031920190311622,-1.1143155105690317,1.0442980420156354,0.1683146249515947,0.7651674300530257,0.8268552417346885
2023-11-17,0.8932612200694247,0.06403961281030739,-0.21298919173368586,-0.5492125909331816,0.6252070752513542,-3.1125486146749
2023-11-24,-0.7830102793109205,-0.7696227863694091,-0.0799757554284188,-0.04060130405863777,0.2658783121615685,-0.6772487217498622
2023-12-01,-0.3359395857664438,-1.7775483298033874,-0.9450471679545663,-1.9275066968713916,0.2091841555338286,-0.5174130952058019
2023-12-15,-0.826748897036658,0.34379282748709067,1.3438574864176416,-1.6839620354682021,-0.3224288242439769,0.6874423418167962
2023-12-22,-0.43851619131588127,-0.5917859112784202,-1.0566224152914214,-0.2729986302924345,0.005667157304324952,-2.674765334338418
2024-01-05,0.06237503760663899,0.8064122789751074,1.0102977505093462,0.5552729893385587,-0.16054618820835914,0.7732313722982768
2024-01-12,0.40587468263866455,-4.008925559169263,-1.589504722811288,-1.457812971212152,0.015546770297431073,-6.358434234641083
2024-01-19,-1.661370187893457,-2.7297374529641307,0.753496047864539,0.21758912451681567,0.7970317648511682,0.8304821702295866
2024-01-26,0.22910819922138947,0.2856413935212304,1.0182180810310393,-1.472241649570858,0.04317583022332972,-0.7038805997079456
2024-02-02,0.3470278737367714,-0.38350064169031284,-1.1520746143902632,-0.44854249684432973,0.14636161099610281,-1.3252618788691952
2024-02-16,0.3206586228549353,0.33410343047518765,-1.090013174308377,0.9670742195633855,-1.8880329508464488,-0.07509115518582514
2024-02-23,-0.5924939148454984,0.009477157767122856,-0.5447417475408062,0.1449347100365591,-0.15945405963364997,-1.660998209065086
2024-03-01,-1.468844846244164,-0.3306347358666019,-2.383330573365989,0.4416319070729118,0.7982730111392026,1.3210575023763946
2024-03-08,-0.04836171459868178,-2.1239317640288427,-1.1197341841601247,-1.0197995450085076,0.32202060858525655,-0.13646045579307692
2024-03-15,-0.3116997233262641,-0.17583654186112438,0.5550682008811382,-0.2000803535474436,-3.5967437608834696,0.2689524462048735
2024-03-22,-1.2003293852335062,-0.39365411191182537,-0.1386398138339493,0.34258374593586954,-1.0177915247606766,0.34770252907747534
2024-04-05,-3.630676038587882,0.2158476307533659,0.8399781547213387,-1.723118701572988,-1.7636622531190222,0.8253623796873236
2024-04-19,1.0213312070956102,-0.7031206673953425,1.5233441539954746,0.2667952832343862,1.1673243113880756,1.8883224756245212
2024-04-26,-0.32071230858694644,0.5693370754734483,1.0445776758314473,1.1659851235816736,0.7274974348288429,1.0675723943126532
2024-05-03,0.330962130934283,-0.09220039955141673,-1.6127731617139516,-0.940638295810881,-0.3130903992624835,-0.05433177310365438
2024-05-17,1.1542850239710123,-0.008513344282894119,0.486218342834307,-0.3712524593942746,-0.24500252055275065,0.8139562541343003
2024-05-31,1.2659330367286399,0.345659784139515,1.0515983131376585,-0.5072927109763768,0.32849515014664993,-4.095791323805491
2024-06-07,0.04845652812666324,0.27594639848331043,0.2797193751359347,-1.745349589477256,-0.035869856407931916,0.707474955668492
2024-06-14,0.8726073372243563,-0.42524182929691673,0.7388965734407751,0.002370303968963505,0.6850742916793415,-0.515047073519803
2024-06-21,0.7571819093260659,0.058407760173181146,1.2786508686463964,-1.3605206975448547,-4.466881819121765,-1.8035105588292843
2024-06-28,0.968357172550913,-4.039324219696833,1.3944418861301047,-0.21471028891240926,-0.8721494331943322,1.066241774623543
2024-07-05,0.9751207107019799,0.2682648281776261,0.2254566377860512,0.8388484436096874,-0.16929030397438244,1.0932558744450565
2024-07-12,0.017726768214896174,-0.6975088143282804,0.8613901477178117,0.9234122372064438,0.41650857225641325,-1.722372405377251
2024-07-19,-0.7928897434512766,0.07182075297580617,0.7584266749379128,0.3689213493705014,0.11768531424343287,0.2269482981403237
2024-07-26,-2.4442670469863272,0.3763104494079663,-0.028632807318318115,-0.48838214347715275,-0.2787004768042855,0.5925888765929965
2024-08-02,-1.2966720518946828,-2.175746893127183,0.5938647021893015,0.27959731263882986,-0.8028673822437675,-0.8106098831887495
2024-08-16,0.8688262366935784,0.5480532658596186,1.0844697755547896,1.0128443942341492,-0.784941233222011,0.8370716993069083
2024-08-30,0.5080301126972716,0.9548953432450923,-0.07297868700945816,0.47536491800325553,-1.172765614333395,-2.1814648353655364
2024-09-06,-0.4092753680727697,0.43274773806983013,-0.5845868480933135,-1.0947588182603023,1.593758406340846,-0.2550477903308617
2024-09-13,0.15051131984082078,-2.835445294530778,0.217603426318263,1.1260843377120693,-1.47881347106806,0.5664235980127342
2024-09-20,-0.1178773978036361,0.003919606474752608,1.167897684271901,0.5471648501164859,0.6410479058000594,0.47693546159143524
2024-09-27,-0.5158410445582577,-0.6453173649914021,0.8744520025054766,0.3563954671012673,-2.2430542173210024,0.3875205033015609
2024-10-04,0.9722199458130475,0.6048734895362202,-0.6312060076328786,-0.8201988003376679,-0.8972578580548008,0.4615878612445892
2024-10-11,-1.1194680351082307,-1.516859216368102,0.7575049891278692,-0.845940572468104,0.5732511736088265,0.32960205730258746
2024-10-18,1.1424339101495233,-0.2762239064863759,0.35882014381223615,0.6107214476693832,0.2870465398946125,-1.4798378459361803
2024-10-25,-0.1668256384076722,0.5286130074761592,0.32075320868843543,0.2572956065657904,0.5810461727289977,0.9477678400760986
2024-11-08,1.081315166534964,0.06796273904119476,0.8536661977726263,1.5351829732969833,-3.3381745614287466,-1.6828356037007537
2024-11-15,0.5557512196812666,0.5835492706707197,1.4822520323412178,-0.6081164655211737,0.41711274601802584,1.0120159893940137
2024-11-22,-0.7383080981410459,-1.788723596290938,0.43047692187662934,-3.3454190128637635,-1.3701199088697875,-0.24971604101114853
2024-11-29,0.1277576705215776,-1.261298163671279,0.9094799399319085,-1.7158077868394377,0.2666546187635479,0.5901851243315721
2024-12-06,1.3096530330101444,0.1673988792632638,0.5470468414038507,0.4117282641449773,0.5283686692921962,0.4456883375861341
2024-12-13,-0.23741967148839255,-1.2753621144034937,0.5235067589655187,-0.9858906194538141,0.341652741833569,-0.5145317261335727
2024-12-20,1.5615458934006037,0.08038506448492412,1.1716661622116171,0.8761452434094065,1.5610027575155299,-0.910382399712593
2024-12-27,-0.2852280962712803,0.8249571930901212,0.6380193361152273,0.3222577784512349,0.9673203890557515,0.33148507941384964
2025-01-03,0.588200119633523,-2.5128374090821253,0.1332302830878998,-0.22623423302549422,0.1812940387658253,0.48533245413911613
2025-01-10,0.05854991900697564,0.5152088271865859,0.49536239206259236,-4.947291707171224,0.19756679566371207,0.6629193339061679
2025-01-17,-0.0792350342750321,0.8120195825103463,0.8085808750579737,-1.41783614843064,0.703238383681067,0.4072608721192414
2025-01-24,-1.8377112377779732,-0.8064632212348761,-0.12303510949096917,-1.7646854824045102,-0.0024854978053592876,0.23746841622143494
2025-02-07,1.8068677890959932,0.08228165392899509,0.8190366000100398,0.39968022937424613,1.6978754400276785,-0.22422137398767716
2025-02-14,0.4422609256053464,-3.138256466303447,0.42748177160507883,-0.8781174598846105,-0.2455843103033576,-2.6738662933416775
2025-02-21,0.8954338973834779,-3.3293586753873403,-0.5044867998024123,0.2951685569811094,0.7208666681816163,0.4742605225125762
2025-02-28,2.0979227423774094,0.031195987602225368,0.5035774256194694,-0.13344276212544498,1.2438714669156612,-0.41283258373275855
2025-03-07,1.73409116456288,0.563758435321286,1.586313795385144,-0.7320699327617127,-1.9626055245509546,0.45271336940915463
2025-03-14,0.6046074385187276,0.831151279047992,-2.7121778761141515,0.7054273393374279,0.8670811241030448,-4.887411163116135
2025-03-21,1.394132506459988,-0.8117795939798329,-0.8309448314184357,0.8458820685781789,0.08509550318007854,-1.1316391547612643
2025-04-11,1.358383015120865,1.3783383848196664,0.0610766547367669,2.509935767789185,1.401672827204004,2.01277300094026
2025-04-25,1.3000781219679933,-0.4285342946007106,0.771441460835221,1.0089455671032652,-0.36098155090653783,-0.19132151179970228
2025-05-09,-1.3855569554740141,-1.348487809018759,-0.328324581074727,-0.21878245091851464,-0.0074587295537081105,1.1904968325254832
2025-05-16,1.3680917588421766,0.4821381595104786,-2.176583313423159,-0.5824415599865843,0.23162932907442482,0.9762288502709173
2025-05-23,0.4076420315462025,0.8506524187991863,-0.2055287288214687,-0.9234085455007857,0.4925862826258756,-0.0006991456520120108
2025-06-13,-0.3047787089093851,-2.4420251718361756,-1.2228756932896314,-0.5395708114181625,0.19518531084460122,0.08498545822990886
2025-06-20,1.302947674343916,0.017449725846002153,-0.13168478405751388,-0.33104988626004095,1.615324789756419,0.9327062695503334
2025-07-04,-0.7591751261008649,0.35858638464125253,-1.6175652755151713,0.17270558551470133,1.2260007321682624,0.11869187282149263
2025-07-11,0.9631801780341793,-0.08879900342007412,0.0005186676046027935,0.6051780175527692,-2.2423844833503517,1.6050181476602388
2025-07-18,1.3040281608980395,-0.4051157986670468,0.8948936103939529,0.8990227552939877,1.9940574597953882,0.9839164008248279
2025-07-25,1.1372379232025012,-0.6608605445682549,0.5432137707924133,0.5268903561825677,-0.13671296190196108,0.804505009709053
2025-08-01,-2.576327464401424,-3.6216880355166734,0.5207631419513211,0.9355893285204202,-2.3341250802103057,0.8645493281635039
2025-08-08,-2.844418176913635,0.4248210146489427,-0.6426830146638893,0.7174677050394886,1.190652830786347,1.7627801967692636
2025-08-15,1.5541914953724498,0.21169001857522382,-0.9926556340652276,-1.5159645579341214,-3.5826402035692975,1.0305887268319227
2025-08-22,-0.689828649199732,0.28633819374621733,-0.6063297496191312,-0.6344833349340575,-0.7340857749782227,-0.056989171898355874
2025-08-29,-1.0175125576708401,0.3428555881466845,0.7062716418780495,-0.9379512386901371,0.2984839696789839,0.7921934420748031
2025-09-12,-1.7775931388934507,0.32436991855974123,-0.42876537653874125,-0.15190657868293236,0.8122822217523846,-4.05155345919967
2025-09-19,0.9074671683221904,-2.13020914888747,0.9202730210068344,-0.04021425120463255,-2.6650148533526963,-0.6547673615731568
2025-09-26,-0.5157159752441665,-0.39345474765236965,1.351390076779658,-0.15395330312802988,0.08372447299098656,-2.0768297507121107
2025-10-03,-1.4527951652239008,0.4722238991270911,0.29794299623070725,1.213275967588545,0.14509879883295818,-0.10530939806678434
2025-10-10,0.5332442143963747,-0.24010377368578445,0.1571829375265707,-1.0732640892478584,-0.6658481937800225,1.7913605039737053
2025-10-17,1.4427422271241235,-0.06903386226219173,-0.15866630817131336,0.8071578328601681,-0.03478448324956014,-0.06126135754227513
2025-10-24,1.481607514214198,-0.97231534880399,0.5193923070091316,0.7570193928366012,1.1107784039880118,1.0340443289407204
2025-11-07,1.0249118726638344,-0.4808030740689979,1.0696009783226634,0.3551163826495478,-0.6841607896195129,0.9179626751001106
2025-11-14,-1.2442697915207743,-0.9085471251967988,1.1268775072380164,0.1749250162156272,0.9618830088189165,0.8101805780395994
2025-11-21,-0.6476294842373795,-0.6941325223790892,1.964492731977527,0.5345650754859568,0.16353546465414615,0.16844248800193423
2025-11-28,0.10895429328025281,-0.20683669704509616,-0.8726757845094573,0.19816873894770312,-1.7016389196638753,0.7680433355624837
2025-12-12,-1.1369403866227843,0.26882923405749426,0.3784843205592913,0.18931885329139492,0.4423020947992905,1.718378153004992
2025-12-19,-0.5275985121610816,0.5309525117848479,0.6615242253250516,-1.0102359988993437,-1.8811200551312053,1.2317341468009562
2026-01-09,0.7576350365702382,-7.931478432112696e-05,1.2279435163491885,0.6332538374289473,-0.8120131142931312,1.5191224318757648
2026-01-23,0.3222136495095769,-0.8617907902926198,0.7196372195266626,-0.13975848700309257,1.0971463449666408,-0.8101075312041448
2026-01-30,1.9733882777332303,0.18832551635699646,-2.691879257125375,-1.275558511458956,-0.16162754831198664,0.8140171181461766
2026-02-06,1.5789811703217245,-0.7689811195193796,-0.026430922462323612,-0.518929882083582,0.7509582697040523,1.4120405384307746
2026-02-13,1.2329528386244442,-0.9506626766720456,-2.311653661449812,-2.684356813046699,1.7027565333026502,1.3437315922472295
2026-02-27,-1.2648764946691387,0.2828699472809659,1.249487495330725,0.14285254895841804,1.8896224404343325,1.1107404744148823
2026-03-06,2.106437790331481,-2.471744531563971,1.5037920712045096,1.0930493720048422,2.082907552813417,1.819517801597656
2026-03-13,1.807320630215971,0.11727128641578359,1.4410014304678704,-2.092168492660725,-2.6262535340484443,1.419352511421367
2026-03-27,-1.9824367680186352,-0.7560697424331844,-0.2695603712286584,0.02912647928348311,-0.023896100526461087,0.4089082173779803
2026-04-10,1.7854884676197682,-1.3966391049242397,0.4980932010102385,-0.17015990379692417,1.2724631006899223,1.3459961754363687
2026-04-17,0.8440927968093335,-1.4682887654254189,0.4935272666299875,-1.7683373021854807,0.48972222439600877,1.3261344536229915
2026-04-24,1.9223889697397596,0.38630417226553704,-0.0706481421489317,0.4143737961854252,0.5841400074071642,0.6771241077172083
2026-05-08,-1.710163996417936,0.40603851197012975,0.769741020483517,-1.675057704997615,-0.8084367487259213,1.1790060865869796
2026-05-22,2.1653137304165533,0.4673716261372343,-1.3567529624558952,0.4526222341664934,0.30437157859469444,0.8507557797848961
2026-05-29,-0.5724709552828443,0.5558433803998015,1.1893125994305362,-0.5117462598105983,0.6480674363684863,-0.31567818715990814
2026-06-05,2.2075711905531645,-0.48831182232359155,1.063994520365912,-1.4275526059300507,-0.10179039611061874,0.2839380984042687
2026-06-19,1.0231927083405425,0.5144772600872164,1.3193836606512923,1.1838483931136026,0.22967449222907838,0.5980360018445545
2026-06-26,1.5381223282869643,0.9635714721597732,0.033390158615392275,-3.979982703864074,0.6609332463404329,0.9414468645873685
2026-07-03,-1.0618757310181617,-0.39174330925472656,0.6360021968704171,0.007263756108758239,1.4754079023368565,-0.6414740161517526
2026-07-10,-0.1943300848765226,-0.3035939615410924,0.4586630576553704,1.4352974366848619,-0.4535635457545881,0.6035337607704971
