Category,Metric_Name,Value,Unit,Notes
Metadata,Sample Start Date,2010-01-04,,
Metadata,Sample End Date,2026-07-17,,
Metadata,Total Synchronized Trading Days (N),3366,Observations,
Metadata,Total Weekly Observations (N),863,Weeks,
Robustness Reconciliation,"Squared-Return Mean TCI (W=250, H=10)",11.88,%,Empirically validated exact value
Robustness Reconciliation,Squared-Return Mean Net Vietnam,0.64,%,Positive indicates net transmitter
Robustness Reconciliation,Squared-Return Vietnam Transmitter Windows,64.07,%,% of windows with Net_Vietnam > 0
VAR Diagnostics (Baseline),n_obs,3340,,
VAR Diagnostics (Baseline),k_vars,6,,
VAR Diagnostics (Baseline),selected_lag,3,,
VAR Diagnostics (Baseline),lag_aic,7,,
VAR Diagnostics (Baseline),lag_bic,3,,
VAR Diagnostics (Baseline),lag_hqic,4,,
VAR Diagnostics (Baseline),is_stable,True,,
VAR Diagnostics (Baseline),min_poly_root,1.142003,,
VAR Diagnostics (Baseline),max_eigenvalue,0.875654,,
VAR Diagnostics (Baseline),portmanteau_stat,562.7818,,
VAR Diagnostics (Baseline),portmanteau_df,252,,
VAR Diagnostics (Baseline),portmanteau_pvalue,0.0,,
VAR Diagnostics (Baseline),DW_Indonesia,2.0193,,
VAR Diagnostics (Baseline),DW_Malaysia,2.0237,,
VAR Diagnostics (Baseline),DW_Philippines,2.0088,,
VAR Diagnostics (Baseline),DW_Singapore,2.0338,,
VAR Diagnostics (Baseline),DW_Thailand,2.0349,,
VAR Diagnostics (Baseline),DW_Vietnam,2.0434,,
Event Analysis: European Debt Crisis,Shock Mean TCI,28.73,%,
Event Analysis: European Debt Crisis,Tranquil Mean TCI,21.1,%,
Event Analysis: European Debt Crisis,Delta TCI (Shock - Tranquil),7.63,%,
Event Analysis: European Debt Crisis,MBB B20 95% CI,"[5.53, 10.09]",,
Event Analysis: European Debt Crisis,Raw Bootstrap p-value,< 0.0002,,
Event Analysis: European Debt Crisis,Holm-adjusted p-value,0.0008,,
Event Analysis: European Debt Crisis,Benjamini-Hochberg p-value,< 0.0002,,
Event Analysis: European Debt Crisis,Holm Significant at 5%,Yes,,
Event Analysis: European Debt Crisis,BH Significant at 5%,Yes,,
Event Analysis: European Debt Crisis,Shock Associated Increase,Yes,,
Event Analysis: Taper Tantrum,Shock Mean TCI,20.75,%,
Event Analysis: Taper Tantrum,Tranquil Mean TCI,13.51,%,
Event Analysis: Taper Tantrum,Delta TCI (Shock - Tranquil),7.24,%,
Event Analysis: Taper Tantrum,MBB B20 95% CI,"[5.80, 10.04]",,
Event Analysis: Taper Tantrum,Raw Bootstrap p-value,< 0.0002,,
Event Analysis: Taper Tantrum,Holm-adjusted p-value,0.0008,,
Event Analysis: Taper Tantrum,Benjamini-Hochberg p-value,< 0.0002,,
Event Analysis: Taper Tantrum,Holm Significant at 5%,Yes,,
Event Analysis: Taper Tantrum,BH Significant at 5%,Yes,,
Event Analysis: Taper Tantrum,Shock Associated Increase,Yes,,
Event Analysis: China Stock Market Crash,Shock Mean TCI,18.82,%,
Event Analysis: China Stock Market Crash,Tranquil Mean TCI,10.29,%,
Event Analysis: China Stock Market Crash,Delta TCI (Shock - Tranquil),8.53,%,
Event Analysis: China Stock Market Crash,MBB B20 95% CI,"[6.04, 11.60]",,
Event Analysis: China Stock Market Crash,Raw Bootstrap p-value,< 0.0002,,
Event Analysis: China Stock Market Crash,Holm-adjusted p-value,0.0008,,
Event Analysis: China Stock Market Crash,Benjamini-Hochberg p-value,< 0.0002,,
Event Analysis: China Stock Market Crash,Holm Significant at 5%,Yes,,
Event Analysis: China Stock Market Crash,BH Significant at 5%,Yes,,
Event Analysis: China Stock Market Crash,Shock Associated Increase,Yes,,
Event Analysis: US-China Trade War Escalation,Shock Mean TCI,23.86,%,
Event Analysis: US-China Trade War Escalation,Tranquil Mean TCI,11.73,%,
Event Analysis: US-China Trade War Escalation,Delta TCI (Shock - Tranquil),12.13,%,
Event Analysis: US-China Trade War Escalation,MBB B20 95% CI,"[11.08, 15.46]",,
Event Analysis: US-China Trade War Escalation,Raw Bootstrap p-value,< 0.0002,,
Event Analysis: US-China Trade War Escalation,Holm-adjusted p-value,0.0008,,
Event Analysis: US-China Trade War Escalation,Benjamini-Hochberg p-value,< 0.0002,,
Event Analysis: US-China Trade War Escalation,Holm Significant at 5%,Yes,,
Event Analysis: US-China Trade War Escalation,BH Significant at 5%,Yes,,
Event Analysis: US-China Trade War Escalation,Shock Associated Increase,Yes,,
Event Analysis: COVID-19 Pandemic,Shock Mean TCI,41.75,%,
Event Analysis: COVID-19 Pandemic,Tranquil Mean TCI,21.77,%,
Event Analysis: COVID-19 Pandemic,Delta TCI (Shock - Tranquil),19.98,%,
Event Analysis: COVID-19 Pandemic,MBB B20 95% CI,"[7.56, 31.12]",,
Event Analysis: COVID-19 Pandemic,Raw Bootstrap p-value,0.0014,,
Event Analysis: COVID-19 Pandemic,Holm-adjusted p-value,0.0042,,
Event Analysis: COVID-19 Pandemic,Benjamini-Hochberg p-value,0.0018,,
Event Analysis: COVID-19 Pandemic,Holm Significant at 5%,Yes,,
Event Analysis: COVID-19 Pandemic,BH Significant at 5%,Yes,,
Event Analysis: COVID-19 Pandemic,Shock Associated Increase,Yes,,
Event Analysis: Russia-Ukraine War,Shock Mean TCI,13.82,%,
Event Analysis: Russia-Ukraine War,Tranquil Mean TCI,13.21,%,
Event Analysis: Russia-Ukraine War,Delta TCI (Shock - Tranquil),0.61,%,
Event Analysis: Russia-Ukraine War,MBB B20 95% CI,"[-0.92, 2.08]",,
Event Analysis: Russia-Ukraine War,Raw Bootstrap p-value,0.2370,,
Event Analysis: Russia-Ukraine War,Holm-adjusted p-value,0.237,,
Event Analysis: Russia-Ukraine War,Benjamini-Hochberg p-value,0.2370,,
Event Analysis: Russia-Ukraine War,Holm Significant at 5%,No,,
Event Analysis: Russia-Ukraine War,BH Significant at 5%,No,,
Event Analysis: Russia-Ukraine War,Shock Associated Increase,No,,
Event Analysis: Global Monetary Tightening 2022,Shock Mean TCI,17.9,%,
Event Analysis: Global Monetary Tightening 2022,Tranquil Mean TCI,13.21,%,
Event Analysis: Global Monetary Tightening 2022,Delta TCI (Shock - Tranquil),4.69,%,
Event Analysis: Global Monetary Tightening 2022,MBB B20 95% CI,"[2.57, 7.04]",,
Event Analysis: Global Monetary Tightening 2022,Raw Bootstrap p-value,< 0.0002,,
Event Analysis: Global Monetary Tightening 2022,Holm-adjusted p-value,0.0008,,
Event Analysis: Global Monetary Tightening 2022,Benjamini-Hochberg p-value,< 0.0002,,
Event Analysis: Global Monetary Tightening 2022,Holm Significant at 5%,Yes,,
Event Analysis: Global Monetary Tightening 2022,BH Significant at 5%,Yes,,
Event Analysis: Global Monetary Tightening 2022,Shock Associated Increase,Yes,,
Event Analysis: US Banking Crisis 2023,Shock Mean TCI,16.87,%,
Event Analysis: US Banking Crisis 2023,Tranquil Mean TCI,19.03,%,
Event Analysis: US Banking Crisis 2023,Delta TCI (Shock - Tranquil),-2.16,%,
Event Analysis: US Banking Crisis 2023,MBB B20 95% CI,"[-3.75, -0.72]",,
Event Analysis: US Banking Crisis 2023,Raw Bootstrap p-value,0.0016,,
Event Analysis: US Banking Crisis 2023,Holm-adjusted p-value,0.0042,,
Event Analysis: US Banking Crisis 2023,Benjamini-Hochberg p-value,0.0018,,
Event Analysis: US Banking Crisis 2023,Holm Significant at 5%,No,,
Event Analysis: US Banking Crisis 2023,BH Significant at 5%,No,,
Event Analysis: US Banking Crisis 2023,Shock Associated Increase,No,,
HAC Regression (Fit),nobs,185,,
HAC Regression (Fit),r_squared,0.4811,,
HAC Regression (Fit),adj_r_squared,0.4636,,
HAC Regression (Fit),hac_lags,12,,
HAC Regression (Fit),frequency,monthly,,
Robustness Grid,vol_parkinson_intersection_w200_h5 - Mean TCI,19.24,%,
Robustness Grid,vol_parkinson_intersection_w200_h5 - Mean Net Vietnam,-0.97,%,
Robustness Grid,vol_parkinson_intersection_w200_h5 - Vietnam Transmitter Share,41.7,%,
Robustness Grid,vol_parkinson_intersection_w200_h10 - Mean TCI,19.63,%,
Robustness Grid,vol_parkinson_intersection_w200_h10 - Mean Net Vietnam,-1.05,%,
Robustness Grid,vol_parkinson_intersection_w200_h10 - Vietnam Transmitter Share,41.63,%,
Robustness Grid,vol_parkinson_intersection_w200_h20 - Mean TCI,19.67,%,
Robustness Grid,vol_parkinson_intersection_w200_h20 - Mean Net Vietnam,-1.07,%,
Robustness Grid,vol_parkinson_intersection_w200_h20 - Vietnam Transmitter Share,41.6,%,
Robustness Grid,vol_parkinson_intersection_w250_h5 - Mean TCI,19.55,%,
Robustness Grid,vol_parkinson_intersection_w250_h5 - Mean Net Vietnam,-0.63,%,
Robustness Grid,vol_parkinson_intersection_w250_h5 - Vietnam Transmitter Share,37.36,%,
Robustness Grid,vol_parkinson_intersection_w250_h10 - Mean TCI,20.04,%,
Robustness Grid,vol_parkinson_intersection_w250_h10 - Mean Net Vietnam,-0.72,%,
Robustness Grid,vol_parkinson_intersection_w250_h10 - Vietnam Transmitter Share,37.52,%,
Robustness Grid,vol_parkinson_intersection_w250_h20 - Mean TCI,20.09,%,
Robustness Grid,vol_parkinson_intersection_w250_h20 - Mean Net Vietnam,-0.73,%,
Robustness Grid,vol_parkinson_intersection_w250_h20 - Vietnam Transmitter Share,37.52,%,
Robustness Grid,vol_parkinson_intersection_w300_h5 - Mean TCI,19.92,%,
Robustness Grid,vol_parkinson_intersection_w300_h5 - Mean Net Vietnam,-0.44,%,
Robustness Grid,vol_parkinson_intersection_w300_h5 - Vietnam Transmitter Share,36.7,%,
Robustness Grid,vol_parkinson_intersection_w300_h10 - Mean TCI,20.5,%,
Robustness Grid,vol_parkinson_intersection_w300_h10 - Mean Net Vietnam,-0.51,%,
Robustness Grid,vol_parkinson_intersection_w300_h10 - Vietnam Transmitter Share,37.09,%,
Robustness Grid,vol_parkinson_intersection_w300_h20 - Mean TCI,20.55,%,
Robustness Grid,vol_parkinson_intersection_w300_h20 - Mean Net Vietnam,-0.52,%,
Robustness Grid,vol_parkinson_intersection_w300_h20 - Vietnam Transmitter Share,37.09,%,
Robustness Grid,vol_parkinson_weekly_w40_h1 - Mean TCI,27.42,%,
Robustness Grid,vol_parkinson_weekly_w40_h1 - Mean Net Vietnam,-1.8,%,
Robustness Grid,vol_parkinson_weekly_w40_h1 - Vietnam Transmitter Share,22.64,%,
Robustness Grid,vol_parkinson_weekly_w40_h2 - Mean TCI,35.14,%,
Robustness Grid,vol_parkinson_weekly_w40_h2 - Mean Net Vietnam,-1.91,%,
Robustness Grid,vol_parkinson_weekly_w40_h2 - Vietnam Transmitter Share,39.8,%,
Robustness Grid,vol_parkinson_weekly_w40_h4 - Mean TCI,37.37,%,
Robustness Grid,vol_parkinson_weekly_w40_h4 - Mean Net Vietnam,-1.91,%,
Robustness Grid,vol_parkinson_weekly_w40_h4 - Vietnam Transmitter Share,42.54,%,
Robustness Grid,vol_parkinson_weekly_w50_h1 - Mean TCI,26.75,%,
Robustness Grid,vol_parkinson_weekly_w50_h1 - Mean Net Vietnam,-2.08,%,
Robustness Grid,vol_parkinson_weekly_w50_h1 - Vietnam Transmitter Share,14.99,%,
Robustness Grid,vol_parkinson_weekly_w50_h2 - Mean TCI,33.86,%,
Robustness Grid,vol_parkinson_weekly_w50_h2 - Mean Net Vietnam,-2.0,%,
Robustness Grid,vol_parkinson_weekly_w50_h2 - Vietnam Transmitter Share,38.79,%,
Robustness Grid,vol_parkinson_weekly_w50_h4 - Mean TCI,36.03,%,
Robustness Grid,vol_parkinson_weekly_w50_h4 - Mean Net Vietnam,-2.25,%,
Robustness Grid,vol_parkinson_weekly_w50_h4 - Vietnam Transmitter Share,40.3,%,
Robustness Grid,vol_parkinson_weekly_w60_h1 - Mean TCI,26.49,%,
Robustness Grid,vol_parkinson_weekly_w60_h1 - Mean Net Vietnam,-2.1,%,
Robustness Grid,vol_parkinson_weekly_w60_h1 - Vietnam Transmitter Share,13.39,%,
Robustness Grid,vol_parkinson_weekly_w60_h2 - Mean TCI,33.25,%,
Robustness Grid,vol_parkinson_weekly_w60_h2 - Mean Net Vietnam,-1.91,%,
Robustness Grid,vol_parkinson_weekly_w60_h2 - Vietnam Transmitter Share,38.9,%,
Robustness Grid,vol_parkinson_weekly_w60_h4 - Mean TCI,35.46,%,
Robustness Grid,vol_parkinson_weekly_w60_h4 - Mean Net Vietnam,-2.18,%,
Robustness Grid,vol_parkinson_weekly_w60_h4 - Vietnam Transmitter Share,40.05,%,
Robustness Grid,vol_squared_intersection_w200_h5 - Mean TCI,12.41,%,
Robustness Grid,vol_squared_intersection_w200_h5 - Mean Net Vietnam,0.52,%,
Robustness Grid,vol_squared_intersection_w200_h5 - Vietnam Transmitter Share,59.05,%,
Robustness Grid,vol_squared_intersection_w200_h10 - Mean TCI,12.41,%,
Robustness Grid,vol_squared_intersection_w200_h10 - Mean Net Vietnam,0.52,%,
Robustness Grid,vol_squared_intersection_w200_h10 - Vietnam Transmitter Share,59.05,%,
Robustness Grid,vol_squared_intersection_w200_h20 - Mean TCI,12.41,%,
Robustness Grid,vol_squared_intersection_w200_h20 - Mean Net Vietnam,0.52,%,
Robustness Grid,vol_squared_intersection_w200_h20 - Vietnam Transmitter Share,59.05,%,
Robustness Grid,vol_squared_intersection_w250_h5 - Mean TCI,11.88,%,
Robustness Grid,vol_squared_intersection_w250_h5 - Mean Net Vietnam,0.64,%,
Robustness Grid,vol_squared_intersection_w250_h5 - Vietnam Transmitter Share,64.07,%,
Robustness Grid,vol_squared_intersection_w250_h10 - Mean TCI,11.88,%,
Robustness Grid,vol_squared_intersection_w250_h10 - Mean Net Vietnam,0.64,%,
Robustness Grid,vol_squared_intersection_w250_h10 - Vietnam Transmitter Share,64.07,%,
Robustness Grid,vol_squared_intersection_w250_h20 - Mean TCI,11.88,%,
Robustness Grid,vol_squared_intersection_w250_h20 - Mean Net Vietnam,0.64,%,
Robustness Grid,vol_squared_intersection_w250_h20 - Vietnam Transmitter Share,64.07,%,
Robustness Grid,vol_squared_intersection_w300_h5 - Mean TCI,11.56,%,
Robustness Grid,vol_squared_intersection_w300_h5 - Mean Net Vietnam,0.66,%,
Robustness Grid,vol_squared_intersection_w300_h5 - Vietnam Transmitter Share,62.7,%,
Robustness Grid,vol_squared_intersection_w300_h10 - Mean TCI,11.56,%,
Robustness Grid,vol_squared_intersection_w300_h10 - Mean Net Vietnam,0.66,%,
Robustness Grid,vol_squared_intersection_w300_h10 - Vietnam Transmitter Share,62.7,%,
Robustness Grid,vol_squared_intersection_w300_h20 - Mean TCI,11.56,%,
Robustness Grid,vol_squared_intersection_w300_h20 - Mean Net Vietnam,0.66,%,
Robustness Grid,vol_squared_intersection_w300_h20 - Vietnam Transmitter Share,62.7,%,
Robustness Grid,vol_squared_weekly_w40_h1 - Mean TCI,17.64,%,
Robustness Grid,vol_squared_weekly_w40_h1 - Mean Net Vietnam,-0.29,%,
Robustness Grid,vol_squared_weekly_w40_h1 - Vietnam Transmitter Share,33.37,%,
Robustness Grid,vol_squared_weekly_w40_h2 - Mean TCI,25.64,%,
Robustness Grid,vol_squared_weekly_w40_h2 - Mean Net Vietnam,0.93,%,
Robustness Grid,vol_squared_weekly_w40_h2 - Vietnam Transmitter Share,52.43,%,
Robustness Grid,vol_squared_weekly_w40_h4 - Mean TCI,26.81,%,
Robustness Grid,vol_squared_weekly_w40_h4 - Mean Net Vietnam,0.93,%,
Robustness Grid,vol_squared_weekly_w40_h4 - Vietnam Transmitter Share,50.81,%,
Robustness Grid,vol_squared_weekly_w50_h1 - Mean TCI,15.34,%,
Robustness Grid,vol_squared_weekly_w50_h1 - Mean Net Vietnam,-0.2,%,
Robustness Grid,vol_squared_weekly_w50_h1 - Vietnam Transmitter Share,34.43,%,
Robustness Grid,vol_squared_weekly_w50_h2 - Mean TCI,22.0,%,
Robustness Grid,vol_squared_weekly_w50_h2 - Mean Net Vietnam,0.85,%,
Robustness Grid,vol_squared_weekly_w50_h2 - Vietnam Transmitter Share,49.81,%,
Robustness Grid,vol_squared_weekly_w50_h4 - Mean TCI,22.8,%,
Robustness Grid,vol_squared_weekly_w50_h4 - Mean Net Vietnam,0.91,%,
Robustness Grid,vol_squared_weekly_w50_h4 - Vietnam Transmitter Share,49.31,%,
Robustness Grid,vol_squared_weekly_w60_h1 - Mean TCI,14.02,%,
Robustness Grid,vol_squared_weekly_w60_h1 - Mean Net Vietnam,-0.23,%,
Robustness Grid,vol_squared_weekly_w60_h1 - Vietnam Transmitter Share,32.95,%,
Robustness Grid,vol_squared_weekly_w60_h2 - Mean TCI,19.79,%,
Robustness Grid,vol_squared_weekly_w60_h2 - Mean Net Vietnam,0.78,%,
Robustness Grid,vol_squared_weekly_w60_h2 - Vietnam Transmitter Share,47.89,%,
Robustness Grid,vol_squared_weekly_w60_h4 - Mean TCI,20.37,%,
Robustness Grid,vol_squared_weekly_w60_h4 - Mean Net Vietnam,0.78,%,
Robustness Grid,vol_squared_weekly_w60_h4 - Vietnam Transmitter Share,47.38,%,
Robustness Grid,vol_squared_usd_intersection_w200_h5 - Mean TCI,11.1,%,
Robustness Grid,vol_squared_usd_intersection_w200_h5 - Mean Net Vietnam,-0.12,%,
Robustness Grid,vol_squared_usd_intersection_w200_h5 - Vietnam Transmitter Share,41.79,%,
Robustness Grid,vol_squared_usd_intersection_w200_h10 - Mean TCI,11.1,%,
Robustness Grid,vol_squared_usd_intersection_w200_h10 - Mean Net Vietnam,-0.12,%,
Robustness Grid,vol_squared_usd_intersection_w200_h10 - Vietnam Transmitter Share,41.79,%,
Robustness Grid,vol_squared_usd_intersection_w200_h20 - Mean TCI,11.1,%,
Robustness Grid,vol_squared_usd_intersection_w200_h20 - Mean Net Vietnam,-0.12,%,
Robustness Grid,vol_squared_usd_intersection_w200_h20 - Vietnam Transmitter Share,41.79,%,
Robustness Grid,vol_squared_usd_intersection_w250_h5 - Mean TCI,10.53,%,
Robustness Grid,vol_squared_usd_intersection_w250_h5 - Mean Net Vietnam,-0.2,%,
Robustness Grid,vol_squared_usd_intersection_w250_h5 - Vietnam Transmitter Share,40.6,%,
Robustness Grid,vol_squared_usd_intersection_w250_h10 - Mean TCI,10.53,%,
Robustness Grid,vol_squared_usd_intersection_w250_h10 - Mean Net Vietnam,-0.2,%,
Robustness Grid,vol_squared_usd_intersection_w250_h10 - Vietnam Transmitter Share,40.6,%,
Robustness Grid,vol_squared_usd_intersection_w250_h20 - Mean TCI,10.53,%,
Robustness Grid,vol_squared_usd_intersection_w250_h20 - Mean Net Vietnam,-0.2,%,
Robustness Grid,vol_squared_usd_intersection_w250_h20 - Vietnam Transmitter Share,40.6,%,
Robustness Grid,vol_squared_usd_intersection_w300_h5 - Mean TCI,10.19,%,
Robustness Grid,vol_squared_usd_intersection_w300_h5 - Mean Net Vietnam,-0.2,%,
Robustness Grid,vol_squared_usd_intersection_w300_h5 - Vietnam Transmitter Share,40.35,%,
Robustness Grid,vol_squared_usd_intersection_w300_h10 - Mean TCI,10.19,%,
Robustness Grid,vol_squared_usd_intersection_w300_h10 - Mean Net Vietnam,-0.2,%,
Robustness Grid,vol_squared_usd_intersection_w300_h10 - Vietnam Transmitter Share,40.35,%,
Robustness Grid,vol_squared_usd_intersection_w300_h20 - Mean TCI,10.19,%,
Robustness Grid,vol_squared_usd_intersection_w300_h20 - Mean Net Vietnam,-0.2,%,
Robustness Grid,vol_squared_usd_intersection_w300_h20 - Vietnam Transmitter Share,40.35,%,
Robustness Grid,vol_squared_usd_weekly_w40_h1 - Mean TCI,18.7,%,
Robustness Grid,vol_squared_usd_weekly_w40_h1 - Mean Net Vietnam,-0.71,%,
Robustness Grid,vol_squared_usd_weekly_w40_h1 - Vietnam Transmitter Share,23.62,%,
Robustness Grid,vol_squared_usd_weekly_w40_h2 - Mean TCI,27.38,%,
Robustness Grid,vol_squared_usd_weekly_w40_h2 - Mean Net Vietnam,-1.29,%,
Robustness Grid,vol_squared_usd_weekly_w40_h2 - Vietnam Transmitter Share,44.38,%,
Robustness Grid,vol_squared_usd_weekly_w40_h4 - Mean TCI,28.69,%,
Robustness Grid,vol_squared_usd_weekly_w40_h4 - Mean Net Vietnam,-1.37,%,
Robustness Grid,vol_squared_usd_weekly_w40_h4 - Vietnam Transmitter Share,45.38,%,
Robustness Grid,vol_squared_usd_weekly_w50_h1 - Mean TCI,16.69,%,
Robustness Grid,vol_squared_usd_weekly_w50_h1 - Mean Net Vietnam,-0.62,%,
Robustness Grid,vol_squared_usd_weekly_w50_h1 - Vietnam Transmitter Share,21.77,%,
Robustness Grid,vol_squared_usd_weekly_w50_h2 - Mean TCI,24.2,%,
Robustness Grid,vol_squared_usd_weekly_w50_h2 - Mean Net Vietnam,-1.25,%,
Robustness Grid,vol_squared_usd_weekly_w50_h2 - Vietnam Transmitter Share,43.92,%,
Robustness Grid,vol_squared_usd_weekly_w50_h4 - Mean TCI,25.15,%,
Robustness Grid,vol_squared_usd_weekly_w50_h4 - Mean Net Vietnam,-1.28,%,
Robustness Grid,vol_squared_usd_weekly_w50_h4 - Vietnam Transmitter Share,45.32,%,
Robustness Grid,vol_squared_usd_weekly_w60_h1 - Mean TCI,15.38,%,
Robustness Grid,vol_squared_usd_weekly_w60_h1 - Mean Net Vietnam,-0.53,%,
Robustness Grid,vol_squared_usd_weekly_w60_h1 - Vietnam Transmitter Share,17.18,%,
Robustness Grid,vol_squared_usd_weekly_w60_h2 - Mean TCI,22.12,%,
Robustness Grid,vol_squared_usd_weekly_w60_h2 - Mean Net Vietnam,-1.04,%,
Robustness Grid,vol_squared_usd_weekly_w60_h2 - Vietnam Transmitter Share,44.62,%,
Robustness Grid,vol_squared_usd_weekly_w60_h4 - Mean TCI,22.88,%,
Robustness Grid,vol_squared_usd_weekly_w60_h4 - Mean Net Vietnam,-1.05,%,
Robustness Grid,vol_squared_usd_weekly_w60_h4 - Vietnam Transmitter Share,45.38,%,
Robustness Grid,vol_absolute_intersection_w200_h5 - Mean TCI,12.5,%,
Robustness Grid,vol_absolute_intersection_w200_h5 - Mean Net Vietnam,0.48,%,
Robustness Grid,vol_absolute_intersection_w200_h5 - Vietnam Transmitter Share,59.49,%,
Robustness Grid,vol_absolute_intersection_w200_h10 - Mean TCI,12.5,%,
Robustness Grid,vol_absolute_intersection_w200_h10 - Mean Net Vietnam,0.48,%,
Robustness Grid,vol_absolute_intersection_w200_h10 - Vietnam Transmitter Share,59.49,%,
Robustness Grid,vol_absolute_intersection_w200_h20 - Mean TCI,12.5,%,
Robustness Grid,vol_absolute_intersection_w200_h20 - Mean Net Vietnam,0.48,%,
Robustness Grid,vol_absolute_intersection_w200_h20 - Vietnam Transmitter Share,59.49,%,
Robustness Grid,vol_absolute_intersection_w250_h5 - Mean TCI,11.96,%,
Robustness Grid,vol_absolute_intersection_w250_h5 - Mean Net Vietnam,0.66,%,
Robustness Grid,vol_absolute_intersection_w250_h5 - Vietnam Transmitter Share,67.34,%,
Robustness Grid,vol_absolute_intersection_w250_h10 - Mean TCI,11.96,%,
Robustness Grid,vol_absolute_intersection_w250_h10 - Mean Net Vietnam,0.66,%,
Robustness Grid,vol_absolute_intersection_w250_h10 - Vietnam Transmitter Share,67.34,%,
Robustness Grid,vol_absolute_intersection_w250_h20 - Mean TCI,11.96,%,
Robustness Grid,vol_absolute_intersection_w250_h20 - Mean Net Vietnam,0.66,%,
Robustness Grid,vol_absolute_intersection_w250_h20 - Vietnam Transmitter Share,67.34,%,
Robustness Grid,vol_absolute_intersection_w300_h5 - Mean TCI,11.62,%,
Robustness Grid,vol_absolute_intersection_w300_h5 - Mean Net Vietnam,0.75,%,
Robustness Grid,vol_absolute_intersection_w300_h5 - Vietnam Transmitter Share,68.14,%,
Robustness Grid,vol_absolute_intersection_w300_h10 - Mean TCI,11.62,%,
Robustness Grid,vol_absolute_intersection_w300_h10 - Mean Net Vietnam,0.75,%,
Robustness Grid,vol_absolute_intersection_w300_h10 - Vietnam Transmitter Share,68.14,%,
Robustness Grid,vol_absolute_intersection_w300_h20 - Mean TCI,11.62,%,
Robustness Grid,vol_absolute_intersection_w300_h20 - Mean Net Vietnam,0.75,%,
Robustness Grid,vol_absolute_intersection_w300_h20 - Vietnam Transmitter Share,68.14,%,
Robustness Grid,vol_absolute_weekly_w40_h1 - Mean TCI,17.67,%,
Robustness Grid,vol_absolute_weekly_w40_h1 - Mean Net Vietnam,-0.3,%,
Robustness Grid,vol_absolute_weekly_w40_h1 - Vietnam Transmitter Share,32.13,%,
Robustness Grid,vol_absolute_weekly_w40_h2 - Mean TCI,25.64,%,
Robustness Grid,vol_absolute_weekly_w40_h2 - Mean Net Vietnam,0.9,%,
Robustness Grid,vol_absolute_weekly_w40_h2 - Vietnam Transmitter Share,52.3,%,
Robustness Grid,vol_absolute_weekly_w40_h4 - Mean TCI,26.82,%,
Robustness Grid,vol_absolute_weekly_w40_h4 - Mean Net Vietnam,0.88,%,
Robustness Grid,vol_absolute_weekly_w40_h4 - Vietnam Transmitter Share,50.81,%,
Robustness Grid,vol_absolute_weekly_w50_h1 - Mean TCI,15.35,%,
Robustness Grid,vol_absolute_weekly_w50_h1 - Mean Net Vietnam,-0.21,%,
Robustness Grid,vol_absolute_weekly_w50_h1 - Vietnam Transmitter Share,33.54,%,
Robustness Grid,vol_absolute_weekly_w50_h2 - Mean TCI,22.0,%,
Robustness Grid,vol_absolute_weekly_w50_h2 - Mean Net Vietnam,0.81,%,
Robustness Grid,vol_absolute_weekly_w50_h2 - Vietnam Transmitter Share,49.56,%,
Robustness Grid,vol_absolute_weekly_w50_h4 - Mean TCI,22.8,%,
Robustness Grid,vol_absolute_weekly_w50_h4 - Mean Net Vietnam,0.86,%,
Robustness Grid,vol_absolute_weekly_w50_h4 - Vietnam Transmitter Share,49.18,%,
Robustness Grid,vol_absolute_weekly_w60_h1 - Mean TCI,14.0,%,
Robustness Grid,vol_absolute_weekly_w60_h1 - Mean Net Vietnam,-0.26,%,
Robustness Grid,vol_absolute_weekly_w60_h1 - Vietnam Transmitter Share,32.44,%,
Robustness Grid,vol_absolute_weekly_w60_h2 - Mean TCI,19.76,%,
Robustness Grid,vol_absolute_weekly_w60_h2 - Mean Net Vietnam,0.73,%,
Robustness Grid,vol_absolute_weekly_w60_h2 - Vietnam Transmitter Share,47.77,%,
Robustness Grid,vol_absolute_weekly_w60_h4 - Mean TCI,20.35,%,
Robustness Grid,vol_absolute_weekly_w60_h4 - Mean Net Vietnam,0.73,%,
Robustness Grid,vol_absolute_weekly_w60_h4 - Vietnam Transmitter Share,47.25,%,
Robustness Grid,vol_absolute_usd_intersection_w200_h5 - Mean TCI,11.08,%,
Robustness Grid,vol_absolute_usd_intersection_w200_h5 - Mean Net Vietnam,-0.09,%,
Robustness Grid,vol_absolute_usd_intersection_w200_h5 - Vietnam Transmitter Share,42.52,%,
Robustness Grid,vol_absolute_usd_intersection_w200_h10 - Mean TCI,11.08,%,
Robustness Grid,vol_absolute_usd_intersection_w200_h10 - Mean Net Vietnam,-0.09,%,
Robustness Grid,vol_absolute_usd_intersection_w200_h10 - Vietnam Transmitter Share,42.49,%,
Robustness Grid,vol_absolute_usd_intersection_w200_h20 - Mean TCI,11.08,%,
Robustness Grid,vol_absolute_usd_intersection_w200_h20 - Mean Net Vietnam,-0.09,%,
Robustness Grid,vol_absolute_usd_intersection_w200_h20 - Vietnam Transmitter Share,42.49,%,
Robustness Grid,vol_absolute_usd_intersection_w250_h5 - Mean TCI,10.51,%,
Robustness Grid,vol_absolute_usd_intersection_w250_h5 - Mean Net Vietnam,-0.17,%,
Robustness Grid,vol_absolute_usd_intersection_w250_h5 - Vietnam Transmitter Share,40.69,%,
Robustness Grid,vol_absolute_usd_intersection_w250_h10 - Mean TCI,10.51,%,
Robustness Grid,vol_absolute_usd_intersection_w250_h10 - Mean Net Vietnam,-0.17,%,
Robustness Grid,vol_absolute_usd_intersection_w250_h10 - Vietnam Transmitter Share,40.69,%,
Robustness Grid,vol_absolute_usd_intersection_w250_h20 - Mean TCI,10.51,%,
Robustness Grid,vol_absolute_usd_intersection_w250_h20 - Mean Net Vietnam,-0.17,%,
Robustness Grid,vol_absolute_usd_intersection_w250_h20 - Vietnam Transmitter Share,40.69,%,
Robustness Grid,vol_absolute_usd_intersection_w300_h5 - Mean TCI,10.16,%,
Robustness Grid,vol_absolute_usd_intersection_w300_h5 - Mean Net Vietnam,-0.17,%,
Robustness Grid,vol_absolute_usd_intersection_w300_h5 - Vietnam Transmitter Share,40.67,%,
Robustness Grid,vol_absolute_usd_intersection_w300_h10 - Mean TCI,10.16,%,
Robustness Grid,vol_absolute_usd_intersection_w300_h10 - Mean Net Vietnam,-0.17,%,
Robustness Grid,vol_absolute_usd_intersection_w300_h10 - Vietnam Transmitter Share,40.67,%,
Robustness Grid,vol_absolute_usd_intersection_w300_h20 - Mean TCI,10.16,%,
Robustness Grid,vol_absolute_usd_intersection_w300_h20 - Mean Net Vietnam,-0.17,%,
Robustness Grid,vol_absolute_usd_intersection_w300_h20 - Vietnam Transmitter Share,40.67,%,
Robustness Grid,vol_absolute_usd_weekly_w40_h1 - Mean TCI,18.7,%,
Robustness Grid,vol_absolute_usd_weekly_w40_h1 - Mean Net Vietnam,-0.71,%,
Robustness Grid,vol_absolute_usd_weekly_w40_h1 - Vietnam Transmitter Share,23.62,%,
Robustness Grid,vol_absolute_usd_weekly_w40_h2 - Mean TCI,27.37,%,
Robustness Grid,vol_absolute_usd_weekly_w40_h2 - Mean Net Vietnam,-1.3,%,
Robustness Grid,vol_absolute_usd_weekly_w40_h2 - Vietnam Transmitter Share,44.25,%,
Robustness Grid,vol_absolute_usd_weekly_w40_h4 - Mean TCI,28.69,%,
Robustness Grid,vol_absolute_usd_weekly_w40_h4 - Mean Net Vietnam,-1.38,%,
Robustness Grid,vol_absolute_usd_weekly_w40_h4 - Vietnam Transmitter Share,45.25,%,
Robustness Grid,vol_absolute_usd_weekly_w50_h1 - Mean TCI,16.68,%,
Robustness Grid,vol_absolute_usd_weekly_w50_h1 - Mean Net Vietnam,-0.63,%,
Robustness Grid,vol_absolute_usd_weekly_w50_h1 - Vietnam Transmitter Share,21.77,%,
Robustness Grid,vol_absolute_usd_weekly_w50_h2 - Mean TCI,24.2,%,
Robustness Grid,vol_absolute_usd_weekly_w50_h2 - Mean Net Vietnam,-1.25,%,
Robustness Grid,vol_absolute_usd_weekly_w50_h2 - Vietnam Transmitter Share,43.92,%,
Robustness Grid,vol_absolute_usd_weekly_w50_h4 - Mean TCI,25.15,%,
Robustness Grid,vol_absolute_usd_weekly_w50_h4 - Mean Net Vietnam,-1.29,%,
Robustness Grid,vol_absolute_usd_weekly_w50_h4 - Vietnam Transmitter Share,45.32,%,
Robustness Grid,vol_absolute_usd_weekly_w60_h1 - Mean TCI,15.38,%,
Robustness Grid,vol_absolute_usd_weekly_w60_h1 - Mean Net Vietnam,-0.53,%,
Robustness Grid,vol_absolute_usd_weekly_w60_h1 - Vietnam Transmitter Share,17.18,%,
Robustness Grid,vol_absolute_usd_weekly_w60_h2 - Mean TCI,22.11,%,
Robustness Grid,vol_absolute_usd_weekly_w60_h2 - Mean Net Vietnam,-1.05,%,
Robustness Grid,vol_absolute_usd_weekly_w60_h2 - Vietnam Transmitter Share,44.49,%,
Robustness Grid,vol_absolute_usd_weekly_w60_h4 - Mean TCI,22.87,%,
Robustness Grid,vol_absolute_usd_weekly_w60_h4 - Mean Net Vietnam,-1.06,%,
Robustness Grid,vol_absolute_usd_weekly_w60_h4 - Vietnam Transmitter Share,45.38,%,
